incident_id,source,source_record_id,duplicate_group,narrative,rule_id,candidate_evidence_excerpt,original_target,revised_target,mapping_evidence_excerpt,correction_reason,annotation_status,violation_status,label_provenance,annotation_version,partition
OSHA-SIR-2015041766,OSHA_SIR,2015041766,osha-text-85c28086b9ec,"On April 6, 2015, an employee working on a rig sustained a head injury that required stitches after falling approximately 5.5 feet from the top of the scavenger tank/platform to the matting board. Guardrails on top of the platform were removed at the time. The employee was hospitalized overnight.",LSR01,Guardrails on top of the platform were removed at the time.,PATTERN_HIT_NOT_A_LABEL,POSITIVE,Guardrails on top of the platform were removed at the time.,"The narrative explicitly describes a guard or guardrail removed or missing; this supports rule relevance, but not lack of authorisation.",accepted,NOT_ESTABLISHED,offline_ai_assisted_narrative_review_not_hse_ground_truth,iogp-lsr-ai-assisted-v0.3.0,train
OSHA-SIR-2015042325,OSHA_SIR,2015042325,osha-text-b636c66f0d8b,"An employee was taking cases of water from a pallet and loading them on a cart. The employee tripped over shrink wrap removed from the pallet, fell, and broke the right hip.",LSR01,"The employee tripped over shrink wrap removed from the pallet, fell, and broke the right hip.",PATTERN_HIT_NOT_A_LABEL,NEGATIVE,,Lexical collision; no safety control is described.,accepted,NOT_ESTABLISHED,offline_ai_assisted_narrative_review_not_hse_ground_truth,iogp-lsr-ai-assisted-v0.3.0,evaluation
OSHA-SIR-2015075265,OSHA_SIR,2015075265,osha-text-9f2fabafa70b,An employee cutting meat with a band saw in the meat room received a deep laceration to the right hand between the index and middle finger. The push plate guard was removed while the band saw was in operation.,LSR01,The push plate guard was removed while the band saw was in operation.,PATTERN_HIT_NOT_A_LABEL,POSITIVE,The push plate guard was removed while the band saw was in operation.,"The narrative explicitly describes a guard or guardrail removed or missing; this supports rule relevance, but not lack of authorisation.",accepted,NOT_ESTABLISHED,offline_ai_assisted_narrative_review_not_hse_ground_truth,iogp-lsr-ai-assisted-v0.3.0,train
OSHA-SIR-2015097030,OSHA_SIR,2015097030,osha-text-60e04f085a43,"An employee was monitoring the process of balancing two cooling fans. The fan guard had been removed for this process. The employee grabbed the belt of the fan, which was not turned on at the time, and the force coming from the adjacent fan caused it to rotate. The employee's hand got caught between the belt and pulley, amputating his right pinky, ring, and middle fingers.",LSR01,The fan guard had been removed for this process.,PATTERN_HIT_NOT_A_LABEL,POSITIVE,The fan guard had been removed for this process.,"The narrative explicitly describes a guard or guardrail removed or missing; this supports rule relevance, but not lack of authorisation.",accepted,NOT_ESTABLISHED,offline_ai_assisted_narrative_review_not_hse_ground_truth,iogp-lsr-ai-assisted-v0.3.0,development
OSHA-SIR-2015107647,OSHA_SIR,2015107647,osha-text-0315c8c9eb00,An employee was checking for gasket pieces in the production line with a metal detector. The machine did not have LOTO and the safety guard had been removed at the time of the incident. The employee's fingers got caught in the machine. The third finger on the right hand was amputated at the middle of the distal phalanx and the fourth finger was avulsed at the distal tip.,LSR01,The machine did not have LOTO and the safety guard had been removed at the time of the incident.,PATTERN_HIT_NOT_A_LABEL,POSITIVE,The machine did not have LOTO and the safety guard had been removed at the time of the incident.,"The narrative explicitly describes a guard or guardrail removed or missing; this supports rule relevance, but not lack of authorisation.",accepted,NOT_ESTABLISHED,offline_ai_assisted_narrative_review_not_hse_ground_truth,iogp-lsr-ai-assisted-v0.3.0,evaluation
OSHA-SIR-2016088131,OSHA_SIR,2016088131,osha-text-4ea4a4093903,An employee was cleaning the bagging machine with a brush. The guard was removed and the employee's right arm was caught in the chain and sprocket resulting in a laceration to the right forearm.,LSR01,The guard was removed and the employee's right arm was caught in the chain and sprocket resulting in a laceration to the right forearm.,PATTERN_HIT_NOT_A_LABEL,POSITIVE,The guard was removed and the employee's right arm was caught in the chain and sprocket resulting in a laceration to the right forearm.,"The narrative explicitly describes a guard or guardrail removed or missing; this supports rule relevance, but not lack of authorisation.",accepted,NOT_ESTABLISHED,offline_ai_assisted_narrative_review_not_hse_ground_truth,iogp-lsr-ai-assisted-v0.3.0,development
OSHA-SIR-2016098774,OSHA_SIR,2016098774,osha-text-3ec30daab606,"An employee was using an air nozzle inside a machine to blow dust off internal parts when his right hand was caught in the rotating spindle inside the machine, smashing the index, middle, and ring fingers on his right hand. The machine's guard door was removed at the time of the incident.",LSR01,The machine's guard door was removed at the time of the incident.,PATTERN_HIT_NOT_A_LABEL,POSITIVE,The machine's guard door was removed at the time of the incident.,"The narrative explicitly describes a guard or guardrail removed or missing; this supports rule relevance, but not lack of authorisation.",accepted,NOT_ESTABLISHED,offline_ai_assisted_narrative_review_not_hse_ground_truth,iogp-lsr-ai-assisted-v0.3.0,train
OSHA-SIR-2016098814,OSHA_SIR,2016098814,osha-text-9eef56313378,"An employee was cleaning a conveyor motor chain with a rag and oil when the towel he was using to wipe off excess oil was caught in the chain, along with his hand. Two of his fingers were smashed, and his right thumb tip was partially amputated. The chain was moving and the guard was removed at the time of the incident.",LSR01,The chain was moving and the guard was removed at the time of the incident.,PATTERN_HIT_NOT_A_LABEL,POSITIVE,The chain was moving and the guard was removed at the time of the incident.,"The narrative explicitly describes a guard or guardrail removed or missing; this supports rule relevance, but not lack of authorisation.",accepted,NOT_ESTABLISHED,offline_ai_assisted_narrative_review_not_hse_ground_truth,iogp-lsr-ai-assisted-v0.3.0,train
OSHA-SIR-2016099066,OSHA_SIR,2016099066,osha-text-23731ff19296,"An employee was troubleshooting an operational problem with a bander when she tripped on a box on the floor and fell. Her hand then entered a moving timing chain and sprocket assembly, partially amputating her right middle fingertip. The machine was energized and the guard was removed at the time.",LSR01,The machine was energized and the guard was removed at the time.,PATTERN_HIT_NOT_A_LABEL,POSITIVE,The machine was energized and the guard was removed at the time.,"The narrative explicitly describes a guard or guardrail removed or missing; this supports rule relevance, but not lack of authorisation.",accepted,NOT_ESTABLISHED,offline_ai_assisted_narrative_review_not_hse_ground_truth,iogp-lsr-ai-assisted-v0.3.0,train
OSHA-SIR-2016109628,OSHA_SIR,2016109628,osha-text-6178e12ee8a1,A temporary employee was operating a packaging machine and amputated the right index finger. The guard was removed at the time of the incident.,LSR01,The guard was removed at the time of the incident.,PATTERN_HIT_NOT_A_LABEL,POSITIVE,The guard was removed at the time of the incident.,"The narrative explicitly describes a guard or guardrail removed or missing; this supports rule relevance, but not lack of authorisation.",accepted,NOT_ESTABLISHED,offline_ai_assisted_narrative_review_not_hse_ground_truth,iogp-lsr-ai-assisted-v0.3.0,evaluation
OSHA-SIR-20161110691,OSHA_SIR,20161110691,osha-text-0e351775fa6e,"An employee was attempting to turn down the speed of production on a production line using the speed control, which was located on the bottom of the line. The guard had to be removed to run the shaft. The employee's right hand then came in contact with the bevel gear, completely amputating the right index finger.",LSR01,The guard had to be removed to run the shaft.,PATTERN_HIT_NOT_A_LABEL,POSITIVE,The guard had to be removed to run the shaft.,"The narrative explicitly describes a guard or guardrail removed or missing; this supports rule relevance, but not lack of authorisation.",accepted,NOT_ESTABLISHED,offline_ai_assisted_narrative_review_not_hse_ground_truth,iogp-lsr-ai-assisted-v0.3.0,evaluation
OSHA-SIR-20161110711,OSHA_SIR,20161110711,osha-text-fff5dd36b8f7,"While operating a packaging machine, an employee's hand was caught between the ceiling head and the die, amputating the right middle fingertip. The guard was removed at the time.",LSR01,The guard was removed at the time.,PATTERN_HIT_NOT_A_LABEL,POSITIVE,The guard was removed at the time.,"The narrative explicitly describes a guard or guardrail removed or missing; this supports rule relevance, but not lack of authorisation.",accepted,NOT_ESTABLISHED,offline_ai_assisted_narrative_review_not_hse_ground_truth,iogp-lsr-ai-assisted-v0.3.0,development
OSHA-SIR-2017010427,OSHA_SIR,2017010427,osha-text-244c308ed08c,"On Friday, January 13, 2017, at approximately 8:20 AM, an employee was moving rebar on the third floor when he stepped out onto unsupported plywood and fell approximately 10 feet onto the second floor stairway. The guardrail had been removed the previous evening to allow removal of formwork and was not reinstalled. The employee suffered a compression fracture of the T11 vertebrae.",LSR01,The guardrail had been removed the previous evening to allow removal of formwork and was not reinstalled.,PATTERN_HIT_NOT_A_LABEL,POSITIVE,The guardrail had been removed the previous evening to allow removal of formwork and was not reinstalled.,"The narrative explicitly describes a guard or guardrail removed or missing; this supports rule relevance, but not lack of authorisation.",accepted,NOT_ESTABLISHED,offline_ai_assisted_narrative_review_not_hse_ground_truth,iogp-lsr-ai-assisted-v0.3.0,train
OSHA-SIR-2017088268,OSHA_SIR,2017088268,osha-text-fca81bc992b4,"An employee was trying to figure out why the bars were not feeding into an ultrasonic testing machine. A fixed guard was missing and he saw a belt that looked like it was loose. As he was attempting to inspect it, his right hand was caught by the pulley on the machine's belt drive, amputating the flesh on his index fingertip. The machine was not locked/tagged out at the time.",LSR01,A fixed guard was missing and he saw a belt that looked like it was loose.,PATTERN_HIT_NOT_A_LABEL,POSITIVE,A fixed guard was missing and he saw a belt that looked like it was loose.,"The narrative explicitly describes a guard or guardrail removed or missing; this supports rule relevance, but not lack of authorisation.",accepted,NOT_ESTABLISHED,offline_ai_assisted_narrative_review_not_hse_ground_truth,iogp-lsr-ai-assisted-v0.3.0,development
OSHA-SIR-2018076802,OSHA_SIR,2018076802,osha-text-8c013864949a,"An employee was cleaning debris from and around a conveyor with an air hose when his arm was caught in the conveyor's pulley, causing him to be pulled into the running belt. He suffered a broken left clavicle, a broken rib on the left side, and abrasions to the torso. The conveyor's guards were removed at the time of the incident to identify why material was getting stuck in the conveyor.",LSR01,The conveyor's guards were removed at the time of the incident to identify why material was getting stuck in the conveyor.,PATTERN_HIT_NOT_A_LABEL,POSITIVE,The conveyor's guards were removed at the time of the incident to identify why material was getting stuck in the conveyor.,"The narrative explicitly describes a guard or guardrail removed or missing; this supports rule relevance, but not lack of authorisation.",accepted,NOT_ESTABLISHED,offline_ai_assisted_narrative_review_not_hse_ground_truth,iogp-lsr-ai-assisted-v0.3.0,evaluation
OSHA-SIR-2018076868,OSHA_SIR,2018076868,osha-text-48d6c72b637c,An employee was cleaning breading out of an auger when their hand was caught in the machinery. The employee suffered a fracture injury to the left hand and arm. The machine's guard had been removed at the time of the incident.,LSR01,The machine's guard had been removed at the time of the incident.,PATTERN_HIT_NOT_A_LABEL,POSITIVE,The machine's guard had been removed at the time of the incident.,"The narrative explicitly describes a guard or guardrail removed or missing; this supports rule relevance, but not lack of authorisation.",accepted,NOT_ESTABLISHED,offline_ai_assisted_narrative_review_not_hse_ground_truth,iogp-lsr-ai-assisted-v0.3.0,train
OSHA-SIR-2018076967,OSHA_SIR,2018076967,osha-text-44cc82de00f3,"On July 11, 2018, an employee was working from a mobile scaffold, about 12 feet above a concrete floor, to remove asbestos. He fell to the floor, fracturing his wrist and hip. The scaffold's guardrails had been removed at the time of the incident.",LSR01,The scaffold's guardrails had been removed at the time of the incident.,PATTERN_HIT_NOT_A_LABEL,POSITIVE,The scaffold's guardrails had been removed at the time of the incident.,"The narrative explicitly describes a guard or guardrail removed or missing; this supports rule relevance, but not lack of authorisation.",accepted,NOT_ESTABLISHED,offline_ai_assisted_narrative_review_not_hse_ground_truth,iogp-lsr-ai-assisted-v0.3.0,train
OSHA-SIR-2018099109,OSHA_SIR,2018099109,osha-text-2233ff15a85e,"An employee was cleaning and clearing regrind from the area around a large mechanical grinder. The grinder was powered down and locked out with the machine guarding and covering removed. The employee spun the shaft of the grinder by hand to check and see if the shaft/rotor was clear. This caused the shaft to rotate. He then tried to stop the shaft from spinning and his right hand contacted a blade attached to the shaft, causing multiple lacerations to his fingers.",LSR01,The grinder was powered down and locked out with the machine guarding and covering removed.,PATTERN_HIT_NOT_A_LABEL,POSITIVE,The grinder was powered down and locked out with the machine guarding and covering removed.,"The narrative explicitly describes a guard or guardrail removed or missing; this supports rule relevance, but not lack of authorisation.",accepted,NOT_ESTABLISHED,offline_ai_assisted_narrative_review_not_hse_ground_truth,iogp-lsr-ai-assisted-v0.3.0,train
OSHA-SIR-20181010181,OSHA_SIR,20181010181,osha-text-9b05ed59e6ff,"An employee was checking a can filling line lid infeed. The lid feed actuator tripped and the feed mechanism started, amputating the tip/side of his right thumb. The guard had been removed at the time of the incident.",LSR01,The guard had been removed at the time of the incident.,PATTERN_HIT_NOT_A_LABEL,POSITIVE,The guard had been removed at the time of the incident.,"The narrative explicitly describes a guard or guardrail removed or missing; this supports rule relevance, but not lack of authorisation.",accepted,NOT_ESTABLISHED,offline_ai_assisted_narrative_review_not_hse_ground_truth,iogp-lsr-ai-assisted-v0.3.0,train
OSHA-SIR-2019032827,OSHA_SIR,2019032827,osha-text-1a9c08a27df4,"Two employees were servicing equipment. While a guard was being removed, it fell onto an employee's left hand, breaking two fingers. The employee was hospitalized, requiring surgery.",LSR01,"While a guard was being removed, it fell onto an employee's left hand, breaking two fingers.",PATTERN_HIT_NOT_A_LABEL,POSITIVE,"While a guard was being removed, it fell onto an employee's left hand, breaking two fingers.","The narrative explicitly describes a guard or guardrail removed or missing; this supports rule relevance, but not lack of authorisation.",accepted,NOT_ESTABLISHED,offline_ai_assisted_narrative_review_not_hse_ground_truth,iogp-lsr-ai-assisted-v0.3.0,train
OSHA-SIR-2020043658,OSHA_SIR,2020043658,osha-text-4a7d39ae1007,"A temporary employee cleaned a tripper and radioed the operator to restart the machine. The employee was then caught in a rotating shaft, suffering a left shoulder dislocation and left arm fracture that required hospitalization. The guard was removed at the time of the incident.",LSR01,The guard was removed at the time of the incident.,PATTERN_HIT_NOT_A_LABEL,POSITIVE,The guard was removed at the time of the incident.,"The narrative explicitly describes a guard or guardrail removed or missing; this supports rule relevance, but not lack of authorisation.",accepted,NOT_ESTABLISHED,offline_ai_assisted_narrative_review_not_hse_ground_truth,iogp-lsr-ai-assisted-v0.3.0,train
OSHA-SIR-2021097657,OSHA_SIR,2021097657,osha-text-91e67c81ada1,The injured employee was working in a two-person team conducting troubleshooting and repair of an onboard boat engine. The engine started and the injured employee's right index fingertip was amputated. The cowling guards had been removed to provide access to the engine components.,LSR01,The cowling guards had been removed to provide access to the engine components.,PATTERN_HIT_NOT_A_LABEL,POSITIVE,The cowling guards had been removed to provide access to the engine components.,"The narrative explicitly describes a guard or guardrail removed or missing; this supports rule relevance, but not lack of authorisation.",accepted,NOT_ESTABLISHED,offline_ai_assisted_narrative_review_not_hse_ground_truth,iogp-lsr-ai-assisted-v0.3.0,train
OSHA-SIR-2021119542,OSHA_SIR,2021119542,osha-text-c2396343e1b2,"An employee was helping a maintenance mechanic adjust the drive clutch and belt on an envelope inserter machine. The side guard panel of the machine had been removed and the machine was powered. The machine was started, and the employee's right arm and hand were pulled into the power transmission belt. Two fingers on the hand were amputated.",LSR01,The side guard panel of the machine had been removed and the machine was powered.,PATTERN_HIT_NOT_A_LABEL,POSITIVE,The side guard panel of the machine had been removed and the machine was powered.,"The narrative explicitly describes a guard or guardrail removed or missing; this supports rule relevance, but not lack of authorisation.",accepted,NOT_ESTABLISHED,offline_ai_assisted_narrative_review_not_hse_ground_truth,iogp-lsr-ai-assisted-v0.3.0,evaluation
OSHA-SIR-2023032089,OSHA_SIR,2023032089,osha-text-394a03b5c2f9,"At about 1:30 p.m. on March 7, 2023, an employee was clearing a material jam in metal-bending equipment. The equipment activated while the employee's right hand was inside it, resulting in an amputation to the index finger from the nail bed to the first knuckle. The equipment's side guard had been removed at the time of the incident.",LSR01,The equipment's side guard had been removed at the time of the incident.,PATTERN_HIT_NOT_A_LABEL,POSITIVE,The equipment's side guard had been removed at the time of the incident.,"The narrative explicitly describes a guard or guardrail removed or missing; this supports rule relevance, but not lack of authorisation.",accepted,NOT_ESTABLISHED,offline_ai_assisted_narrative_review_not_hse_ground_truth,iogp-lsr-ai-assisted-v0.3.0,train
OSHA-SIR-2023087928,OSHA_SIR,2023087928,osha-text-da18ec809169,"An employee was operating a leveling machine while filling a bed with mushroom compost. The machine became jammed from a rock in the compost. To clear the jam, the machine was shut down and the guard was removed. As the employee went to remove the rock, the machine activated, resulting in a right arm laceration with exposed bone and an injury to the right shoulder, elbow, and hand.",LSR01,"To clear the jam, the machine was shut down and the guard was removed.",PATTERN_HIT_NOT_A_LABEL,POSITIVE,"To clear the jam, the machine was shut down and the guard was removed.","The narrative explicitly describes a guard or guardrail removed or missing; this supports rule relevance, but not lack of authorisation.",accepted,NOT_ESTABLISHED,offline_ai_assisted_narrative_review_not_hse_ground_truth,iogp-lsr-ai-assisted-v0.3.0,train
OSHA-SIR-20231211209,OSHA_SIR,20231211209,osha-text-9347d38b73e6,"During a sanitation training event, an employee lost his balance. As he was catching himself, his hand contacted an auger and he suffered a broken arm. The guard for the auger had been removed at the time so the employee could demonstrate how to clean it.",LSR01,The guard for the auger had been removed at the time so the employee could demonstrate how to clean it.,PATTERN_HIT_NOT_A_LABEL,POSITIVE,The guard for the auger had been removed at the time so the employee could demonstrate how to clean it.,"The narrative explicitly describes a guard or guardrail removed or missing; this supports rule relevance, but not lack of authorisation.",accepted,NOT_ESTABLISHED,offline_ai_assisted_narrative_review_not_hse_ground_truth,iogp-lsr-ai-assisted-v0.3.0,train
OSHA-SIR-2024054360,OSHA_SIR,2024054360,osha-text-1fe530000092,"An employee was walking when she tripped over plastic that was removed from a bundle of foam. She fell to the floor, sustained a fractured hip, and was hospitalized.",LSR01,An employee was walking when she tripped over plastic that was removed from a bundle of foam.,PATTERN_HIT_NOT_A_LABEL,NEGATIVE,,Lexical collision; no safety control is described.,accepted,NOT_ESTABLISHED,offline_ai_assisted_narrative_review_not_hse_ground_truth,iogp-lsr-ai-assisted-v0.3.0,development
OSHA-SIR-2024065265,OSHA_SIR,2024065265,osha-text-b37194143d73,A temporary employee was working in the copper mill watching the grinding machine to ensure it did not jam up with excess material. The employee was manually removing the excess material by reaching over the bar in front of the silo while the guard was removed when their glove and hand became caught in the grinding machine's rotor blades. The employee sustained a partial amputation of their right index finger.,LSR01,The employee was manually removing the excess material by reaching over the bar in front of the silo while the guard was removed when their glove and hand became caught in the grinding machine's rotor blades.,PATTERN_HIT_NOT_A_LABEL,POSITIVE,The employee was manually removing the excess material by reaching over the bar in front of the silo while the guard was removed when their glove and hand became caught in the grinding machine's rotor blades.,"The narrative explicitly describes a guard or guardrail removed or missing; this supports rule relevance, but not lack of authorisation.",accepted,NOT_ESTABLISHED,offline_ai_assisted_narrative_review_not_hse_ground_truth,iogp-lsr-ai-assisted-v0.3.0,train
OSHA-SIR-2025043886,OSHA_SIR,2025043886,osha-text-b90908cea814,"An employee was repairing a benchtop wire processing machine that is used to make wire harnesses for commercial applications. A guard had been removed in order to access the components. The employee was testing the ""trigger"" sensor of the machine and adjusting the blades when the machine actuated and a blade amputated part of his left index fingertip.",LSR01,A guard had been removed in order to access the components.,PATTERN_HIT_NOT_A_LABEL,POSITIVE,A guard had been removed in order to access the components.,"The narrative explicitly describes a guard or guardrail removed or missing; this supports rule relevance, but not lack of authorisation.",accepted,NOT_ESTABLISHED,offline_ai_assisted_narrative_review_not_hse_ground_truth,iogp-lsr-ai-assisted-v0.3.0,train
OSHA-SIR-2015042165,OSHA_SIR,2015042165,osha-text-842428d09b24,"On April 30, at 9:15 a.m., an employee fell from a ladder while dismantling a scaffold inside a tank. The fall was less than 20 feet. The dimensions of the scaffold were 10x10x33. The employee fractured both heels and sustained a small skull fracture that required stitches. The employee was hospitalized.",LSR02,"On April 30, at 9:15 a.m., an employee fell from a ladder while dismantling a scaffold inside a tank.",PATTERN_HIT_NOT_A_LABEL,POSITIVE,"On April 30, at 9:15 a.m., an employee fell from a ladder while dismantling a scaffold inside a tank.","The narrative explicitly places work, entry, preparation for entry, or exit in a tank, vessel, manhole, silo, boiler, or stated confined space.",accepted,NOT_ESTABLISHED,offline_ai_assisted_narrative_review_not_hse_ground_truth,iogp-lsr-ai-assisted-v0.3.0,development
OSHA-SIR-2015074303,OSHA_SIR,2015074303,osha-text-fce62a2d3877,An employee was inside a manhole when a 2x4 fell into the hole and hit the top of his finger that was grasping the ladder amputating it.,LSR02,An employee was inside a manhole when a 2x4 fell into the hole and hit the top of his finger that was grasping the ladder amputating it.,PATTERN_HIT_NOT_A_LABEL,POSITIVE,An employee was inside a manhole when a 2x4 fell into the hole and hit the top of his finger that was grasping the ladder amputating it.,"The narrative explicitly places work, entry, preparation for entry, or exit in a tank, vessel, manhole, silo, boiler, or stated confined space.",accepted,NOT_ESTABLISHED,offline_ai_assisted_narrative_review_not_hse_ground_truth,iogp-lsr-ai-assisted-v0.3.0,train
OSHA-SIR-2016021671,OSHA_SIR,2016021671,osha-text-e2a070e60c16,"An employee climbed an 8- to 10-foot ladder to open the door to a confined space. The door was under pressure, and as the employee opened the final latch, it came open and knocked the employee from the ladder. He fell approximately 8 feet, fracturing his skull, breaking several ribs, and puncturing a lung.",LSR02,An employee climbed an 8- to 10-foot ladder to open the door to a confined space.,PATTERN_HIT_NOT_A_LABEL,UNKNOWN,,"A confined-space object or activity is mentioned, but the worker's entry/location is not explicit enough to assign relevance.",unresolved,NOT_ESTABLISHED,offline_ai_assisted_narrative_review_not_hse_ground_truth,iogp-lsr-ai-assisted-v0.3.0,
OSHA-SIR-20161110769,OSHA_SIR,20161110769,osha-text-ab2baab9c5fb,"An employee was grinding on an auxiliary diesel fuel tank to fix a clog when a spark from the grinding wheel ignited diesel fumes inside the tank and it exploded. A piece of the exploding tank hit and broke his right leg below the knee, requiring surgery.",LSR02,An employee was grinding on an auxiliary diesel fuel tank to fix a clog when a spark from the grinding wheel ignited diesel fumes inside the tank and it exploded.,PATTERN_HIT_NOT_A_LABEL,NEGATIVE,,"The reviewed sentence describes material or an event inside the enclosure, not worker entry or confined-space work.",accepted,NOT_ESTABLISHED,offline_ai_assisted_narrative_review_not_hse_ground_truth,iogp-lsr-ai-assisted-v0.3.0,train
OSHA-SIR-20161211942,OSHA_SIR,20161211942,osha-text-a89cd096daf6,An employee was cleaning inside a manhole when he was hit by a car. He suffered a broken left shoulder.,LSR02,An employee was cleaning inside a manhole when he was hit by a car.,PATTERN_HIT_NOT_A_LABEL,POSITIVE,An employee was cleaning inside a manhole when he was hit by a car.,"The narrative explicitly places work, entry, preparation for entry, or exit in a tank, vessel, manhole, silo, boiler, or stated confined space.",accepted,NOT_ESTABLISHED,offline_ai_assisted_narrative_review_not_hse_ground_truth,iogp-lsr-ai-assisted-v0.3.0,evaluation
OSHA-SIR-2017010681,OSHA_SIR,2017010681,osha-text-f6e701c997a9,"An employee was installing form boards inside a confined space cell. While working inside the cell, a piece of pipe (bell reducer) approximately 7"" long, 8"" diameter, and weighing 55 pounds fell approximately 35 feet and landed on the employee. The employee suffered a neck fracture and a left hand metacarpal fracture with a complex laceration over the web space.",LSR02,An employee was installing form boards inside a confined space cell.,PATTERN_HIT_NOT_A_LABEL,POSITIVE,An employee was installing form boards inside a confined space cell.,"The narrative explicitly places work, entry, preparation for entry, or exit in a tank, vessel, manhole, silo, boiler, or stated confined space.",accepted,NOT_ESTABLISHED,offline_ai_assisted_narrative_review_not_hse_ground_truth,iogp-lsr-ai-assisted-v0.3.0,train
OSHA-SIR-2017021330,OSHA_SIR,2017021330,osha-text-ff9dfc0f1c4d,"An employee was shutting off the valve of a truck tank hose when the pressure caused the lid to blow off. The oil inside the tank then struck the employee, fracturing his pelvis and right wrist and causing a road rash on his chest area. He was hospitalized.",LSR02,"The oil inside the tank then struck the employee, fracturing his pelvis and right wrist and causing a road rash on his chest area.",PATTERN_HIT_NOT_A_LABEL,NEGATIVE,,"The reviewed sentence describes material or an event inside the enclosure, not worker entry or confined-space work.",accepted,NOT_ESTABLISHED,offline_ai_assisted_narrative_review_not_hse_ground_truth,iogp-lsr-ai-assisted-v0.3.0,evaluation
OSHA-SIR-2017043421,OSHA_SIR,2017043421,osha-text-3b03c75a92d8,"An employee was cleaning a charging pad for robotic machines, which was in a confined space. As the employee was exiting the charging pad, he placed his right arm and hand outside the charging pad area to push off. Another machine then crushed his right hand and lacerated his arm.",LSR02,"An employee was cleaning a charging pad for robotic machines, which was in a confined space.",PATTERN_HIT_NOT_A_LABEL,POSITIVE,"An employee was cleaning a charging pad for robotic machines, which was in a confined space.","The narrative explicitly places work, entry, preparation for entry, or exit in a tank, vessel, manhole, silo, boiler, or stated confined space.",accepted,NOT_ESTABLISHED,offline_ai_assisted_narrative_review_not_hse_ground_truth,iogp-lsr-ai-assisted-v0.3.0,train
OSHA-SIR-2017053987,OSHA_SIR,2017053987,osha-text-7a2a0cb7e553,"An employee had entered a confined space in a reactor when he slipped on catalyst support media. As he fell, catalyst support beams (fire brick stacks) weighing approximately 80 to 100 pounds also fell and struck his legs, fracturing his right ankle, right fibula, and left fibula.",LSR02,An employee had entered a confined space in a reactor when he slipped on catalyst support media.,PATTERN_HIT_NOT_A_LABEL,POSITIVE,An employee had entered a confined space in a reactor when he slipped on catalyst support media.,"The narrative explicitly places work, entry, preparation for entry, or exit in a tank, vessel, manhole, silo, boiler, or stated confined space.",accepted,NOT_ESTABLISHED,offline_ai_assisted_narrative_review_not_hse_ground_truth,iogp-lsr-ai-assisted-v0.3.0,train
OSHA-SIR-2017054499,OSHA_SIR,2017054499,osha-text-647c8b6541f2,"A temporary employee was assigned to conduct a flow test inside the jet bubbling reactor during a scheduled outage. The employee entered the reactor, stepped into the flow of air and was pushed out of the doorway and against a guardrail system outside the doorway resulting in a broken tibia and fibula and contusions.",LSR02,"The employee entered the reactor, stepped into the flow of air and was pushed out of the doorway and against a guardrail system outside the doorway resulting in a broken tibia and fibula and contusions.",PATTERN_HIT_NOT_A_LABEL,POSITIVE,"The employee entered the reactor, stepped into the flow of air and was pushed out of the doorway and against a guardrail system outside the doorway resulting in a broken tibia and fibula and contusions.","The narrative explicitly places work, entry, preparation for entry, or exit in a tank, vessel, manhole, silo, boiler, or stated confined space.",accepted,NOT_ESTABLISHED,offline_ai_assisted_narrative_review_not_hse_ground_truth,iogp-lsr-ai-assisted-v0.3.0,evaluation
OSHA-SIR-2017054872,OSHA_SIR,2017054872,osha-text-fb867bded090,"An employee was opening the oil tank hatch when a spark ignited the material inside the tank. The employee sustained burns to the face, back and hands.",LSR02,An employee was opening the oil tank hatch when a spark ignited the material inside the tank.,PATTERN_HIT_NOT_A_LABEL,NEGATIVE,,"The reviewed sentence describes material or an event inside the enclosure, not worker entry or confined-space work.",accepted,NOT_ESTABLISHED,offline_ai_assisted_narrative_review_not_hse_ground_truth,iogp-lsr-ai-assisted-v0.3.0,train
OSHA-SIR-2017099287,OSHA_SIR,2017099287,osha-text-9dafa37645d6,"An employee was filling a tanker trailer with used oil that was being pumped from a larger stationary tank. He climbed the trailer-mounted ladder to open the dome hatch to check on the filling process. When he released one of the dome hatch cover clips, the lid was blown open from built-up pressure inside the tank. He was thrown from the ladder to the ground, hitting his head and neck and requiring hospitalization.",LSR02,"When he released one of the dome hatch cover clips, the lid was blown open from built-up pressure inside the tank.",PATTERN_HIT_NOT_A_LABEL,NEGATIVE,,"The reviewed sentence describes material or an event inside the enclosure, not worker entry or confined-space work.",accepted,NOT_ESTABLISHED,offline_ai_assisted_narrative_review_not_hse_ground_truth,iogp-lsr-ai-assisted-v0.3.0,train
OSHA-SIR-20171010248,OSHA_SIR,20171010248,osha-text-d733c00fbc0e,"An employee was cleaning a mixing tank and spraying water inside the tank when the water pressure hit the tank lid. The lid then fell and struck the employee's right hand, partially amputating the middle fingertip.",LSR02,An employee was cleaning a mixing tank and spraying water inside the tank when the water pressure hit the tank lid.,PATTERN_HIT_NOT_A_LABEL,UNKNOWN,,"A confined-space object or activity is mentioned, but the worker's entry/location is not explicit enough to assign relevance.",unresolved,NOT_ESTABLISHED,offline_ai_assisted_narrative_review_not_hse_ground_truth,iogp-lsr-ai-assisted-v0.3.0,
OSHA-SIR-20171110645,OSHA_SIR,20171110645,osha-text-939d23b8b3db,"An employee was working inside a power boiler (permit-required confined space) while arc gouging (cutting) a 30-foot long by 27-inch wide I-beam into 5-foot sections. He was standing on the I-beam he was cutting and another I-beam that was positioned 6 inches away. The I-beam he was gouging shifted after he finished cutting through it and moved toward the adjacent I-beam. As the I-beam shifted, it caught his right arm between the I-beams. He sustained third degree burns to his right forearm and hand from the I-beams, which were heated from the arc gouging process.",LSR02,An employee was working inside a power boiler (permit-required confined space) while arc gouging (cutting) a 30-foot long by 27-inch wide I-beam into 5-foot sections.,PATTERN_HIT_NOT_A_LABEL,POSITIVE,An employee was working inside a power boiler (permit-required confined space) while arc gouging (cutting) a 30-foot long by 27-inch wide I-beam into 5-foot sections.,"The narrative explicitly places work, entry, preparation for entry, or exit in a tank, vessel, manhole, silo, boiler, or stated confined space.",accepted,NOT_ESTABLISHED,offline_ai_assisted_narrative_review_not_hse_ground_truth,iogp-lsr-ai-assisted-v0.3.0,train
OSHA-SIR-2018010994,OSHA_SIR,2018010994,osha-text-0618bfd0cc7c,"An employee was using a high-pressure sprayer to clean inside a vessel when the spray nozzle trigger became stuck. As the employee attempted to loosen it, it sprayed his left leg, cutting it.",LSR02,An employee was using a high-pressure sprayer to clean inside a vessel when the spray nozzle trigger became stuck.,PATTERN_HIT_NOT_A_LABEL,UNKNOWN,,"A confined-space object or activity is mentioned, but the worker's entry/location is not explicit enough to assign relevance.",unresolved,NOT_ESTABLISHED,offline_ai_assisted_narrative_review_not_hse_ground_truth,iogp-lsr-ai-assisted-v0.3.0,
OSHA-SIR-2018032140,OSHA_SIR,2018032140,osha-text-f73324c4d468,"An employee was preparing for a confined space entry and got stuck between two pieces of process equipment resulting in a broken shoulder, lacerations and facial bruising.",LSR02,"An employee was preparing for a confined space entry and got stuck between two pieces of process equipment resulting in a broken shoulder, lacerations and facial bruising.",PATTERN_HIT_NOT_A_LABEL,POSITIVE,"An employee was preparing for a confined space entry and got stuck between two pieces of process equipment resulting in a broken shoulder, lacerations and facial bruising.","The narrative explicitly places work, entry, preparation for entry, or exit in a tank, vessel, manhole, silo, boiler, or stated confined space.",accepted,NOT_ESTABLISHED,offline_ai_assisted_narrative_review_not_hse_ground_truth,iogp-lsr-ai-assisted-v0.3.0,train
OSHA-SIR-2018043677,OSHA_SIR,2018043677,osha-text-66dc99f185e7,"An employee was climbing a portable ladder being held by another employee when he slipped and fell 8 feet inside the vessel, injuring his right heel.",LSR02,"An employee was climbing a portable ladder being held by another employee when he slipped and fell 8 feet inside the vessel, injuring his right heel.",PATTERN_HIT_NOT_A_LABEL,POSITIVE,"An employee was climbing a portable ladder being held by another employee when he slipped and fell 8 feet inside the vessel, injuring his right heel.","The narrative explicitly places work, entry, preparation for entry, or exit in a tank, vessel, manhole, silo, boiler, or stated confined space.",accepted,NOT_ESTABLISHED,offline_ai_assisted_narrative_review_not_hse_ground_truth,iogp-lsr-ai-assisted-v0.3.0,development
OSHA-SIR-2018066287,OSHA_SIR,2018066287,osha-text-8291cc648100,"An employee was climbing down a ladder to weld a joint inside a tank that was being built when the ladder slipped out from under him. He fell 6 feet, landing on his feet and breaking his tibia in three places.",LSR02,An employee was climbing down a ladder to weld a joint inside a tank that was being built when the ladder slipped out from under him.,PATTERN_HIT_NOT_A_LABEL,POSITIVE,An employee was climbing down a ladder to weld a joint inside a tank that was being built when the ladder slipped out from under him.,"The narrative explicitly places work, entry, preparation for entry, or exit in a tank, vessel, manhole, silo, boiler, or stated confined space.",accepted,NOT_ESTABLISHED,offline_ai_assisted_narrative_review_not_hse_ground_truth,iogp-lsr-ai-assisted-v0.3.0,train
OSHA-SIR-2018099311,OSHA_SIR,2018099311,osha-text-8b6e7f9746c3,An employee was cleaning inside a tank with a pressure washer. The stream from the washer cut through the employee's right boot and into the employee's foot.,LSR02,An employee was cleaning inside a tank with a pressure washer.,PATTERN_HIT_NOT_A_LABEL,POSITIVE,An employee was cleaning inside a tank with a pressure washer.,"The narrative explicitly places work, entry, preparation for entry, or exit in a tank, vessel, manhole, silo, boiler, or stated confined space.",accepted,NOT_ESTABLISHED,offline_ai_assisted_narrative_review_not_hse_ground_truth,iogp-lsr-ai-assisted-v0.3.0,train
OSHA-SIR-2019010767,OSHA_SIR,2019010767,osha-text-d5aa47f03196,"An employee was walking across the deck of a barge in the dark to move a vehicle that was in the way of the unloading process. About 6 feet before the employee reached the truck, he stepped into an open deck plate. The employee fell into the tank and dropped about 18 feet down onto an elevated metal platform inside the tank. He fractured both ankles and also sustained bruising on both elbows and forearms; a large contusion to his right shin; and minor bruising on his chest, back, and face.",LSR02,The employee fell into the tank and dropped about 18 feet down onto an elevated metal platform inside the tank.,PATTERN_HIT_NOT_A_LABEL,POSITIVE,The employee fell into the tank and dropped about 18 feet down onto an elevated metal platform inside the tank.,"The narrative explicitly places work, entry, preparation for entry, or exit in a tank, vessel, manhole, silo, boiler, or stated confined space.",accepted,NOT_ESTABLISHED,offline_ai_assisted_narrative_review_not_hse_ground_truth,iogp-lsr-ai-assisted-v0.3.0,train
OSHA-SIR-2019043839,OSHA_SIR,2019043839,osha-text-648335b91148,"An employee was vacuuming catalyst inside a confined space. A piece of the catalyst rolled down from the pile and struck his leg, breaking the femur. He was hospitalized.",LSR02,An employee was vacuuming catalyst inside a confined space.,PATTERN_HIT_NOT_A_LABEL,POSITIVE,An employee was vacuuming catalyst inside a confined space.,"The narrative explicitly places work, entry, preparation for entry, or exit in a tank, vessel, manhole, silo, boiler, or stated confined space.",accepted,NOT_ESTABLISHED,offline_ai_assisted_narrative_review_not_hse_ground_truth,iogp-lsr-ai-assisted-v0.3.0,train
OSHA-SIR-2019043843,OSHA_SIR,2019043843,osha-text-3df5dd68c99c,"An employee of Apache Scaffold was disassembling a scaffold when he fell 20-40 feet inside a confined space boiler, suffering multiple injuries.",LSR02,"An employee of Apache Scaffold was disassembling a scaffold when he fell 20-40 feet inside a confined space boiler, suffering multiple injuries.",PATTERN_HIT_NOT_A_LABEL,POSITIVE,"An employee of Apache Scaffold was disassembling a scaffold when he fell 20-40 feet inside a confined space boiler, suffering multiple injuries.","The narrative explicitly places work, entry, preparation for entry, or exit in a tank, vessel, manhole, silo, boiler, or stated confined space.",accepted,NOT_ESTABLISHED,offline_ai_assisted_narrative_review_not_hse_ground_truth,iogp-lsr-ai-assisted-v0.3.0,train
OSHA-SIR-2019044282,OSHA_SIR,2019044282,osha-text-eb519e2c3d69,"An employee was welding the outside of a tank. Developer fumes within the tank ignited and the employee suffered burns to the right hand, arm, and shoulder.",LSR02,"Developer fumes within the tank ignited and the employee suffered burns to the right hand, arm, and shoulder.",PATTERN_HIT_NOT_A_LABEL,NEGATIVE,,"The reviewed sentence describes material or an event inside the enclosure, not worker entry or confined-space work.",accepted,NOT_ESTABLISHED,offline_ai_assisted_narrative_review_not_hse_ground_truth,iogp-lsr-ai-assisted-v0.3.0,evaluation
OSHA-SIR-2019065644,OSHA_SIR,2019065644,osha-text-305e04955c4a,An employee was using a plasma cutter to cut a hole for a fitting. The plasma cutter penetrated the tank wall and residue within the tank ignited. A flame shot out of the hole and burned the employee.,LSR02,The plasma cutter penetrated the tank wall and residue within the tank ignited.,PATTERN_HIT_NOT_A_LABEL,NEGATIVE,,"The reviewed sentence describes material or an event inside the enclosure, not worker entry or confined-space work.",accepted,NOT_ESTABLISHED,offline_ai_assisted_narrative_review_not_hse_ground_truth,iogp-lsr-ai-assisted-v0.3.0,development
OSHA-SIR-20191111856,OSHA_SIR,20191111856,osha-text-57b7757e6dfd,"An employee had completed a welding job inside an industrial boiler and was removing a bladder from a water pipe, as the last step, and was outside the confined space when hot water spewed out, causing second and third degree burns to his right hand.",LSR02,"An employee had completed a welding job inside an industrial boiler and was removing a bladder from a water pipe, as the last step, and was outside the confined space when hot water spewed out, causing second and third degree burns to his right hand.",PATTERN_HIT_NOT_A_LABEL,POSITIVE,"An employee had completed a welding job inside an industrial boiler and was removing a bladder from a water pipe, as the last step, and was outside the confined space when hot water spewed out, causing second and third degree burns to his right hand.","The narrative explicitly places work, entry, preparation for entry, or exit in a tank, vessel, manhole, silo, boiler, or stated confined space.",accepted,NOT_ESTABLISHED,offline_ai_assisted_narrative_review_not_hse_ground_truth,iogp-lsr-ai-assisted-v0.3.0,development
OSHA-SIR-2020010340,OSHA_SIR,2020010340,osha-text-398415062cd3,"An employee was inspecting the inside of a new tank car. He attempted to maneuver around another employee inside the tank car when he slipped and fell, suffering a femoral neck fracture.",LSR02,"He attempted to maneuver around another employee inside the tank car when he slipped and fell, suffering a femoral neck fracture.",PATTERN_HIT_NOT_A_LABEL,POSITIVE,"He attempted to maneuver around another employee inside the tank car when he slipped and fell, suffering a femoral neck fracture.","The narrative explicitly places work, entry, preparation for entry, or exit in a tank, vessel, manhole, silo, boiler, or stated confined space.",accepted,NOT_ESTABLISHED,offline_ai_assisted_narrative_review_not_hse_ground_truth,iogp-lsr-ai-assisted-v0.3.0,train
OSHA-SIR-2020010657,OSHA_SIR,2020010657,osha-text-748ada35278b,"An employee was using a feeding hose to remove material from a tank when a flash fire occurred within the tank and contacted the employee's face, causing second degree burns.",LSR02,"An employee was using a feeding hose to remove material from a tank when a flash fire occurred within the tank and contacted the employee's face, causing second degree burns.",PATTERN_HIT_NOT_A_LABEL,NEGATIVE,,"The reviewed sentence describes material or an event inside the enclosure, not worker entry or confined-space work.",accepted,NOT_ESTABLISHED,offline_ai_assisted_narrative_review_not_hse_ground_truth,iogp-lsr-ai-assisted-v0.3.0,frozen_human_validation_excluded
OSHA-SIR-2020021364,OSHA_SIR,2020021364,osha-text-0a215b8fd24e,"An employee entered a silo (tank) to clean the remainder of the grain from it and handle the sweeper machine. While the other sweepers were operating, he stepped back and his foot went inside the sweeper. The sweeper machine caught his boot first and then his foot, causing an open wound and broken bone.",LSR02,An employee entered a silo (tank) to clean the remainder of the grain from it and handle the sweeper machine.,PATTERN_HIT_NOT_A_LABEL,POSITIVE,An employee entered a silo (tank) to clean the remainder of the grain from it and handle the sweeper machine.,"The narrative explicitly places work, entry, preparation for entry, or exit in a tank, vessel, manhole, silo, boiler, or stated confined space.",accepted,NOT_ESTABLISHED,offline_ai_assisted_narrative_review_not_hse_ground_truth,iogp-lsr-ai-assisted-v0.3.0,train
OSHA-SIR-2020032126,OSHA_SIR,2020032126,osha-text-f3aa73e9ee41,"Employee 1 was using a front-end loader inside a concrete storage bin to scoop up a boulder of burnt soybeans that had clumped together. Employee 1 could not scoop the boulder into the front-end loader's bucket. The confined space attendant and a supervisor went into the storage bin to assist the front-end loader in scooping the boulder into its bucket. Another soybean boulder, weighing approximately 100 pounds, fell down and hit the attendant and the supervisor and they both sustained fractures to the pelvis. One employee was hospitalized.",LSR02,The confined space attendant and a supervisor went into the storage bin to assist the front-end loader in scooping the boulder into its bucket.,PATTERN_HIT_NOT_A_LABEL,POSITIVE,The confined space attendant and a supervisor went into the storage bin to assist the front-end loader in scooping the boulder into its bucket.,"The narrative explicitly places work, entry, preparation for entry, or exit in a tank, vessel, manhole, silo, boiler, or stated confined space.",accepted,NOT_ESTABLISHED,offline_ai_assisted_narrative_review_not_hse_ground_truth,iogp-lsr-ai-assisted-v0.3.0,evaluation
OSHA-SIR-2020032439,OSHA_SIR,2020032439,osha-text-f5f8d66910c1,"An employee was traveling upward on an aerial lift inside a tank. The lift stalled at a height of about 57 feet, then fell. The employee fell with the basket to the floor of the tank, breaking both feet and both ankles and suffering lacerations and five broken vertebrae.",LSR02,An employee was traveling upward on an aerial lift inside a tank.,PATTERN_HIT_NOT_A_LABEL,POSITIVE,An employee was traveling upward on an aerial lift inside a tank.,"The narrative explicitly places work, entry, preparation for entry, or exit in a tank, vessel, manhole, silo, boiler, or stated confined space.",accepted,NOT_ESTABLISHED,offline_ai_assisted_narrative_review_not_hse_ground_truth,iogp-lsr-ai-assisted-v0.3.0,evaluation
OSHA-SIR-2020065716,OSHA_SIR,2020065716,osha-text-a4e385e4c9d1,An employee was assisting in the loading of raw milk onto a truck when the pressure within the tank equalized and the pressure relief valve shut. The employee's right index finger was caught in the valve and the fingertip was amputated.,LSR02,An employee was assisting in the loading of raw milk onto a truck when the pressure within the tank equalized and the pressure relief valve shut.,PATTERN_HIT_NOT_A_LABEL,NEGATIVE,,"The reviewed sentence describes material or an event inside the enclosure, not worker entry or confined-space work.",accepted,NOT_ESTABLISHED,offline_ai_assisted_narrative_review_not_hse_ground_truth,iogp-lsr-ai-assisted-v0.3.0,train
OSHA-SIR-2020087689,OSHA_SIR,2020087689,osha-text-8b3fec81a862,"On August 13, 2020, the employee was repairing a leak on an aluminum tanker truck that previously hauled gasoline and diesel fuel. The employee was welding the cracked area when an explosion occurred within the confined space of the tanker. The force from the explosion caused the front head of the tank to blow out toward the victim. The victim was crushed in the rear of the tank and lost consciousness. The employee was hospitalized for traumatic brain injuries, broken ribs and a broken collarbone.",LSR02,The employee was welding the cracked area when an explosion occurred within the confined space of the tanker.,PATTERN_HIT_NOT_A_LABEL,UNKNOWN,,"A confined-space object or activity is mentioned, but the worker's entry/location is not explicit enough to assign relevance.",unresolved,NOT_ESTABLISHED,offline_ai_assisted_narrative_review_not_hse_ground_truth,iogp-lsr-ai-assisted-v0.3.0,
OSHA-SIR-2020109746,OSHA_SIR,2020109746,osha-text-86e6cc975e0a,An employee was steaming the inside of a production tank when a flash fire occurred inside the tank. The employee suffered second-degree burns to the face and third-degree burns to the hands.,LSR02,An employee was steaming the inside of a production tank when a flash fire occurred inside the tank.,PATTERN_HIT_NOT_A_LABEL,UNKNOWN,,"A confined-space object or activity is mentioned, but the worker's entry/location is not explicit enough to assign relevance.",unresolved,NOT_ESTABLISHED,offline_ai_assisted_narrative_review_not_hse_ground_truth,iogp-lsr-ai-assisted-v0.3.0,
OSHA-SIR-2021032157,OSHA_SIR,2021032157,osha-text-123e507179d8,An employee was using a ladder to get inside a manhole to measure a pipe that was being replaced. The employee fell from the ladder to the ground and suffered a compression fracture in their back. The employee was hospitalized.,LSR02,An employee was using a ladder to get inside a manhole to measure a pipe that was being replaced.,PATTERN_HIT_NOT_A_LABEL,POSITIVE,An employee was using a ladder to get inside a manhole to measure a pipe that was being replaced.,"The narrative explicitly places work, entry, preparation for entry, or exit in a tank, vessel, manhole, silo, boiler, or stated confined space.",accepted,NOT_ESTABLISHED,offline_ai_assisted_narrative_review_not_hse_ground_truth,iogp-lsr-ai-assisted-v0.3.0,train
OSHA-SIR-20211210729,OSHA_SIR,20211210729,osha-text-065b778b8904,"On December 14, 2021, a temporary employee was outside loading ore from the train into the conveyor system. The employee entered a confined space to clean ore from the wheel of the conveyor belt system when their arm was pulled into the conveyor. The employee was hospitalized for right arm fractures, contusions, and facial lacerations.",LSR02,The employee entered a confined space to clean ore from the wheel of the conveyor belt system when their arm was pulled into the conveyor.,PATTERN_HIT_NOT_A_LABEL,POSITIVE,The employee entered a confined space to clean ore from the wheel of the conveyor belt system when their arm was pulled into the conveyor.,"The narrative explicitly places work, entry, preparation for entry, or exit in a tank, vessel, manhole, silo, boiler, or stated confined space.",accepted,NOT_ESTABLISHED,offline_ai_assisted_narrative_review_not_hse_ground_truth,iogp-lsr-ai-assisted-v0.3.0,evaluation
OSHA-SIR-2022053986,OSHA_SIR,2022053986,osha-text-fd652282c20a,"A crew was removing an internal chevron in a confined space (vessel). The injured employee, a boilermaker, placed the internal chevon on a stringer light cord belonging to another contractor. The chevron damaged the light cord's insulation. The injured employee sustained electric shock and pain in his lower left leg resulting in hospitalization.",LSR02,A crew was removing an internal chevron in a confined space (vessel).,PATTERN_HIT_NOT_A_LABEL,POSITIVE,A crew was removing an internal chevron in a confined space (vessel).,"The narrative explicitly places work, entry, preparation for entry, or exit in a tank, vessel, manhole, silo, boiler, or stated confined space.",accepted,NOT_ESTABLISHED,offline_ai_assisted_narrative_review_not_hse_ground_truth,iogp-lsr-ai-assisted-v0.3.0,train
OSHA-SIR-2022065267,OSHA_SIR,2022065267,osha-text-421bfa9b1227,"An employee was making confined space entries to clean a tank when they began to experience symptoms of heat-related illness, cramps, and heat exhaustion. The employee was hospitalized.",LSR02,"An employee was making confined space entries to clean a tank when they began to experience symptoms of heat-related illness, cramps, and heat exhaustion.",PATTERN_HIT_NOT_A_LABEL,POSITIVE,"An employee was making confined space entries to clean a tank when they began to experience symptoms of heat-related illness, cramps, and heat exhaustion.","The narrative explicitly places work, entry, preparation for entry, or exit in a tank, vessel, manhole, silo, boiler, or stated confined space.",accepted,NOT_ESTABLISHED,offline_ai_assisted_narrative_review_not_hse_ground_truth,iogp-lsr-ai-assisted-v0.3.0,train
OSHA-SIR-2022086760,OSHA_SIR,2022086760,osha-text-8813c7ed2b5f,"An employee was working inside a silo to install an aeration/unload system. He stepped over an aeration tube, fell, and struck his chest on the tube, resulting in a bruised or fractured sternum.",LSR02,An employee was working inside a silo to install an aeration/unload system.,PATTERN_HIT_NOT_A_LABEL,POSITIVE,An employee was working inside a silo to install an aeration/unload system.,"The narrative explicitly places work, entry, preparation for entry, or exit in a tank, vessel, manhole, silo, boiler, or stated confined space.",accepted,NOT_ESTABLISHED,offline_ai_assisted_narrative_review_not_hse_ground_truth,iogp-lsr-ai-assisted-v0.3.0,train
OSHA-SIR-20221210749,OSHA_SIR,20221210749,osha-text-ab963d3a0c26,"An employee was working from a bosun's chair in a confined space when the chair failed. The employee was lowered to the bottom of the space, where he stood in hot coke while trying to repair the chair. When the employee could not repair the chair, he requested rescue and was pulled from the space. The employee was hospitalized for burns to their feet, hands, back, and buttocks.",LSR02,An employee was working from a bosun's chair in a confined space when the chair failed.,PATTERN_HIT_NOT_A_LABEL,POSITIVE,An employee was working from a bosun's chair in a confined space when the chair failed.,"The narrative explicitly places work, entry, preparation for entry, or exit in a tank, vessel, manhole, silo, boiler, or stated confined space.",accepted,NOT_ESTABLISHED,offline_ai_assisted_narrative_review_not_hse_ground_truth,iogp-lsr-ai-assisted-v0.3.0,train
OSHA-SIR-2023065484,OSHA_SIR,2023065484,osha-text-dc049331b5cc,"Employees were cleaning a storage tank for petroleum. Employee 1 was inside the tank and employee 2 was outside the tank approximately 30 to 40 feet away when a flash fire occurred. The force of the fire/explosion threw employee 1 into a wall. Employee 1 sustained fractures to the left collar bone and left ribs, a dislocated right elbow, a lacerated left ear, and burns. Employee 2 sustained second-and-third- degree burns to the face, chest, hands, and fingers.",LSR02,Employee 1 was inside the tank and employee 2 was outside the tank approximately 30 to 40 feet away when a flash fire occurred.,PATTERN_HIT_NOT_A_LABEL,POSITIVE,Employee 1 was inside the tank and employee 2 was outside the tank approximately 30 to 40 feet away when a flash fire occurred.,"The narrative explicitly places work, entry, preparation for entry, or exit in a tank, vessel, manhole, silo, boiler, or stated confined space.",accepted,NOT_ESTABLISHED,offline_ai_assisted_narrative_review_not_hse_ground_truth,iogp-lsr-ai-assisted-v0.3.0,evaluation
OSHA-SIR-2023099055,OSHA_SIR,2023099055,osha-text-4d431fce7e88,"An employee was exiting a confined space while carrying a pressure gun when the trigger activated. Water penetrated the employee's left arm, resulting in injury.",LSR02,An employee was exiting a confined space while carrying a pressure gun when the trigger activated.,PATTERN_HIT_NOT_A_LABEL,POSITIVE,An employee was exiting a confined space while carrying a pressure gun when the trigger activated.,"The narrative explicitly places work, entry, preparation for entry, or exit in a tank, vessel, manhole, silo, boiler, or stated confined space.",accepted,NOT_ESTABLISHED,offline_ai_assisted_narrative_review_not_hse_ground_truth,iogp-lsr-ai-assisted-v0.3.0,train
OSHA-SIR-20231010049,OSHA_SIR,20231010049,osha-text-81a59b66c12d,An employee was rolling up a power cord inside the tank of a vessel when they stepped backward into a manhole behind them. The employee fell through the hole inside the tank of the vessel and sustained fractures to the shoulder as well as swelling of the left side of the back.,LSR02,An employee was rolling up a power cord inside the tank of a vessel when they stepped backward into a manhole behind them.,PATTERN_HIT_NOT_A_LABEL,POSITIVE,An employee was rolling up a power cord inside the tank of a vessel when they stepped backward into a manhole behind them.,"The narrative explicitly places work, entry, preparation for entry, or exit in a tank, vessel, manhole, silo, boiler, or stated confined space.",accepted,NOT_ESTABLISHED,offline_ai_assisted_narrative_review_not_hse_ground_truth,iogp-lsr-ai-assisted-v0.3.0,frozen_human_validation_excluded
OSHA-SIR-2023109880,OSHA_SIR,2023109880,osha-text-635ccf6a9a6f,"Two employees were removing residual hot mix asphalt with a torch inside a silo before mixing a new batch of asphalt. The asphalt became hot enough to ignite fumes inside the silo, which resulted in a flash fire. Both employees sustained burns to their hands, arms, and face.",LSR02,Two employees were removing residual hot mix asphalt with a torch inside a silo before mixing a new batch of asphalt.,PATTERN_HIT_NOT_A_LABEL,POSITIVE,Two employees were removing residual hot mix asphalt with a torch inside a silo before mixing a new batch of asphalt.,"The narrative explicitly places work, entry, preparation for entry, or exit in a tank, vessel, manhole, silo, boiler, or stated confined space.",accepted,NOT_ESTABLISHED,offline_ai_assisted_narrative_review_not_hse_ground_truth,iogp-lsr-ai-assisted-v0.3.0,development
OSHA-SIR-20231110758,OSHA_SIR,20231110758,osha-text-3a8c4c22abe9,"On November 22, 2023, a grain truck driver entered the tank and used a broom to sweep out the tank. Their foot became caught in the auger, resulting in a laceration to their ankle. The employee used their opposite leg to pull their ankle free and sustained a broken femur.",LSR02,"On November 22, 2023, a grain truck driver entered the tank and used a broom to sweep out the tank.",PATTERN_HIT_NOT_A_LABEL,POSITIVE,"On November 22, 2023, a grain truck driver entered the tank and used a broom to sweep out the tank.","The narrative explicitly places work, entry, preparation for entry, or exit in a tank, vessel, manhole, silo, boiler, or stated confined space.",accepted,NOT_ESTABLISHED,offline_ai_assisted_narrative_review_not_hse_ground_truth,iogp-lsr-ai-assisted-v0.3.0,train
OSHA-SIR-20231211394,OSHA_SIR,20231211394,osha-text-95dac973be69,An employee wearing a blasting hood was preparing to blast inside a tank. The line that supplies the hood with breathing air was plugged into an argon line. The employee breathed the argon gas and fell. The employee was hospitalized for argon poisoning.,LSR02,An employee wearing a blasting hood was preparing to blast inside a tank.,PATTERN_HIT_NOT_A_LABEL,POSITIVE,An employee wearing a blasting hood was preparing to blast inside a tank.,"The narrative explicitly places work, entry, preparation for entry, or exit in a tank, vessel, manhole, silo, boiler, or stated confined space.",accepted,NOT_ESTABLISHED,offline_ai_assisted_narrative_review_not_hse_ground_truth,iogp-lsr-ai-assisted-v0.3.0,train
OSHA-SIR-20231211748,OSHA_SIR,20231211748,osha-text-217a25ca1bf9,"An employee was preparing a tank car for loading while chipping away solidified product in the manway opening of the tank car. A pressure noise within the tank car startled the employee, causing him to stumble backward and fall approximately 10 feet over the guard railing at the chemical loading rack to the ground. The employee suffered fractured vertebrae, a fractured right wrist and ankle, and a dislocated jaw.",LSR02,"A pressure noise within the tank car startled the employee, causing him to stumble backward and fall approximately 10 feet over the guard railing at the chemical loading rack to the ground.",PATTERN_HIT_NOT_A_LABEL,NEGATIVE,,"The reviewed sentence describes material or an event inside the enclosure, not worker entry or confined-space work.",accepted,NOT_ESTABLISHED,offline_ai_assisted_narrative_review_not_hse_ground_truth,iogp-lsr-ai-assisted-v0.3.0,development
OSHA-SIR-2024010582,OSHA_SIR,2024010582,osha-text-fc4a77d58cce,An employee was transferring oil into a storage tank by hose from a 55-gallon drum. A reaction occurred inside the tank causing steam to be released through the tank's open cap. The employee sustained second-degree burns to the face.,LSR02,A reaction occurred inside the tank causing steam to be released through the tank's open cap.,PATTERN_HIT_NOT_A_LABEL,NEGATIVE,,"The reviewed sentence describes material or an event inside the enclosure, not worker entry or confined-space work.",accepted,NOT_ESTABLISHED,offline_ai_assisted_narrative_review_not_hse_ground_truth,iogp-lsr-ai-assisted-v0.3.0,train
OSHA-SIR-2024088010,OSHA_SIR,2024088010,osha-text-01a15c878b84,"Three employees were removing a cover from an oil well storage tank. Some of the bolts were corroded, so the employees used an electric grinder to remove the bolts. Sparks from the grinding wheel ignited liquid/fumes inside the tank, causing the tank to explode. One employee received severe burns to over 70% of their body.",LSR02,"Sparks from the grinding wheel ignited liquid/fumes inside the tank, causing the tank to explode.",PATTERN_HIT_NOT_A_LABEL,NEGATIVE,,"The reviewed sentence describes material or an event inside the enclosure, not worker entry or confined-space work.",accepted,NOT_ESTABLISHED,offline_ai_assisted_narrative_review_not_hse_ground_truth,iogp-lsr-ai-assisted-v0.3.0,frozen_human_validation_excluded
OSHA-SIR-2025010469,OSHA_SIR,2025010469,osha-text-81122bbf73e8,"Employees were welding and sandblasting a heat treater. A flash fire occurred inside the tank, and an employee suffered burns to the face and a wrist.",LSR02,"A flash fire occurred inside the tank, and an employee suffered burns to the face and a wrist.",PATTERN_HIT_NOT_A_LABEL,UNKNOWN,,"A confined-space object or activity is mentioned, but the worker's entry/location is not explicit enough to assign relevance.",unresolved,NOT_ESTABLISHED,offline_ai_assisted_narrative_review_not_hse_ground_truth,iogp-lsr-ai-assisted-v0.3.0,
OSHA-SIR-2025032311,OSHA_SIR,2025032311,osha-text-84a825030ee8,"An employee was welding pipe in a pan vessel. While the employee was repositioning, a component inside the vessel shifted. The employee was wedged between the component and the vessel and suffered two broken back vertebrae. He was hospitalized.",LSR02,"While the employee was repositioning, a component inside the vessel shifted.",PATTERN_HIT_NOT_A_LABEL,POSITIVE,"While the employee was repositioning, a component inside the vessel shifted.","The narrative explicitly places work, entry, preparation for entry, or exit in a tank, vessel, manhole, silo, boiler, or stated confined space.",accepted,NOT_ESTABLISHED,offline_ai_assisted_narrative_review_not_hse_ground_truth,iogp-lsr-ai-assisted-v0.3.0,train
OSHA-SIR-2025043816,OSHA_SIR,2025043816,osha-text-f001ace993e6,"An employee was performing abrasive blasting operations within a confined space onboard a naval vessel when the end of the abrasive blast hose slipped from his hand. The employee went to catch the abrasive blast hose with his right hand, missed the end of the hose, and caught the end of the abrasive blast hose in the bend of his right elbow. The abrasive material caused lacerations and contusions to his inner arm. The employee was hospitalized and required surgery.",LSR02,An employee was performing abrasive blasting operations within a confined space onboard a naval vessel when the end of the abrasive blast hose slipped from his hand.,PATTERN_HIT_NOT_A_LABEL,POSITIVE,An employee was performing abrasive blasting operations within a confined space onboard a naval vessel when the end of the abrasive blast hose slipped from his hand.,"The narrative explicitly places work, entry, preparation for entry, or exit in a tank, vessel, manhole, silo, boiler, or stated confined space.",accepted,NOT_ESTABLISHED,offline_ai_assisted_narrative_review_not_hse_ground_truth,iogp-lsr-ai-assisted-v0.3.0,train
OSHA-SIR-2025054203,OSHA_SIR,2025054203,osha-text-edcd536ecc80,Employees were conducting maintenance on the clogged vent pipe of an asphalt distributor truck. The employees went to unclog the tank using a propane torch and a piece of steel rebar. They heated the tip of the rebar with the torch and put it inside the tank. An explosion and a fire occurred. Two employees were injured; one employee was hospitalized with fractured bones and first- and second-degree burns.,LSR02,They heated the tip of the rebar with the torch and put it inside the tank.,PATTERN_HIT_NOT_A_LABEL,NEGATIVE,,"The reviewed sentence describes material or an event inside the enclosure, not worker entry or confined-space work.",accepted,NOT_ESTABLISHED,offline_ai_assisted_narrative_review_not_hse_ground_truth,iogp-lsr-ai-assisted-v0.3.0,train
OSHA-SIR-2025076349,OSHA_SIR,2025076349,osha-text-6d16e5944ca8,"An employee was cleaning internal floating roof seals on the floating roof of a storage tank containing unknown contents. The employee was preparing to exit the confined space when his air supply hose became tangled. While untangling it, the air hose was cut and he turned on his 5-minute emergency escape pack and began climbing the ladder. The employee fell to the ground from the ladder, resulting in fractured ribs.",LSR02,The employee was preparing to exit the confined space when his air supply hose became tangled.,PATTERN_HIT_NOT_A_LABEL,POSITIVE,The employee was preparing to exit the confined space when his air supply hose became tangled.,"The narrative explicitly places work, entry, preparation for entry, or exit in a tank, vessel, manhole, silo, boiler, or stated confined space.",accepted,NOT_ESTABLISHED,offline_ai_assisted_narrative_review_not_hse_ground_truth,iogp-lsr-ai-assisted-v0.3.0,train
OSHA-SIR-2025088466,OSHA_SIR,2025088466,osha-text-9fcc266b7a58,"An employee had been removing grates and placing straps on a tank so the tank could be moved. The employee jumped off the tank and was caught on the interior brace inside the tank. His leg twisted and he fell to the ground, resulting in a fractured tibia and fibula.",LSR02,The employee jumped off the tank and was caught on the interior brace inside the tank.,PATTERN_HIT_NOT_A_LABEL,NEGATIVE,,"The reviewed sentence describes material or an event inside the enclosure, not worker entry or confined-space work.",accepted,NOT_ESTABLISHED,offline_ai_assisted_narrative_review_not_hse_ground_truth,iogp-lsr-ai-assisted-v0.3.0,train
OSHA-SIR-2025099072,OSHA_SIR,2025099072,osha-text-c32a7e3c79d3,"Multiple employees were using baling buckets to remove 750 gallons of 150-degree hydraulic oil out of a pit in a confined space for approximately 5.5 hours. The injured employee was standing on a ladder performing this task when they fell feet-first into the hydraulic oil pit, resulting in burns on both legs.",LSR02,Multiple employees were using baling buckets to remove 750 gallons of 150-degree hydraulic oil out of a pit in a confined space for approximately 5.5 hours.,PATTERN_HIT_NOT_A_LABEL,POSITIVE,Multiple employees were using baling buckets to remove 750 gallons of 150-degree hydraulic oil out of a pit in a confined space for approximately 5.5 hours.,"The narrative explicitly places work, entry, preparation for entry, or exit in a tank, vessel, manhole, silo, boiler, or stated confined space.",accepted,NOT_ESTABLISHED,offline_ai_assisted_narrative_review_not_hse_ground_truth,iogp-lsr-ai-assisted-v0.3.0,development
OSHA-SIR-2025099239,OSHA_SIR,2025099239,osha-text-1ccd6d4f9953,"An employee was airing up a pipe plug to perform a test but was encountering an error. He entered the manhole to ensure the hose had not fallen off or determine any other visible issues. While he was in the manhole pressure testing, the air bag blew out of the line, hitting his left leg and resulting in a broken leg and a laceration to his chin.",LSR02,He entered the manhole to ensure the hose had not fallen off or determine any other visible issues.,PATTERN_HIT_NOT_A_LABEL,POSITIVE,He entered the manhole to ensure the hose had not fallen off or determine any other visible issues.,"The narrative explicitly places work, entry, preparation for entry, or exit in a tank, vessel, manhole, silo, boiler, or stated confined space.",accepted,NOT_ESTABLISHED,offline_ai_assisted_narrative_review_not_hse_ground_truth,iogp-lsr-ai-assisted-v0.3.0,regression_benchmark_excluded
OSHA-SIR-2015074266,OSHA_SIR,2015074266,osha-text-7aa1871cc966,"Several employees were getting their tools ready for the day after performing JSA at a jobsite outside of Kennedy, Texas. One employee went to uncradle the lubricator from the wire line rig, and the employees put the line through the sheave, which is connected to the wellhead. The operator watched the weight indicator and pulled 300 pounds of tension on the line, which released the wire line clamp. With the camp being removed manually, the injured employee noted that the wire was wrapped around the handle for the blow-out preventers. The employee released the wire from the handle; the tension on the wire sling shot the sheave up. The sheave directly contacted the injured employee's right hand and amputated his right pinky through his cloth glove.",LSR08,"Several employees were getting their tools ready for the day after performing JSA at a jobsite outside of Kennedy, Texas.",SYNONYM_HIT_NOT_A_LABEL,NEGATIVE,,The reviewed term refers to an unrelated use of authorisation/JSA or does not establish permit-controlled work.,accepted,NOT_ESTABLISHED,offline_ai_assisted_narrative_review_not_hse_ground_truth,iogp-lsr-ai-assisted-v0.3.0,development
OSHA-SIR-2015108128,OSHA_SIR,2015108128,osha-text-15adf7b6b8d0,"The injured employee was working atop a hopper car, replacing running board bolts. He was wearing a harness and lanyard, but was not secured to the car. At the same time, a second Team Member (TM) was preparing to utilize the overhead crane. Before operating the crane, this second TM reviewed the permit that was attached to the crane control showing the injured employee to be working atop said hopper car. He went to the car the employee was reported to be working on, and did not see him. He then looked at other cars the crane would be passing over, and did not identify anyone working atop those cars either. At this point, the second TM began to move the crane west (away from the employee) and secured the welding machine to be moved. Once the machine was attached and lifted off the ground, the load was moved east (toward the employee). As the crane passed over the car on which the injured employee was working, he fell approximately 16 feet to the ground fracturing both ankles and a leg.",LSR08,"Before operating the crane, this second TM reviewed the permit that was attached to the crane control showing the injured employee to be working atop said hopper car.",SYNONYM_HIT_NOT_A_LABEL,POSITIVE,"Before operating the crane, this second TM reviewed the permit that was attached to the crane control showing the injured employee to be working atop said hopper car.",The narrative explicitly describes permit-controlled work or a permit-required activity; validity or violation is not established.,accepted,NOT_ESTABLISHED,offline_ai_assisted_narrative_review_not_hse_ground_truth,iogp-lsr-ai-assisted-v0.3.0,development
OSHA-SIR-20171110645,OSHA_SIR,20171110645,osha-text-939d23b8b3db,"An employee was working inside a power boiler (permit-required confined space) while arc gouging (cutting) a 30-foot long by 27-inch wide I-beam into 5-foot sections. He was standing on the I-beam he was cutting and another I-beam that was positioned 6 inches away. The I-beam he was gouging shifted after he finished cutting through it and moved toward the adjacent I-beam. As the I-beam shifted, it caught his right arm between the I-beams. He sustained third degree burns to his right forearm and hand from the I-beams, which were heated from the arc gouging process.",LSR08,An employee was working inside a power boiler (permit-required confined space) while arc gouging (cutting) a 30-foot long by 27-inch wide I-beam into 5-foot sections.,SYNONYM_HIT_NOT_A_LABEL,POSITIVE,An employee was working inside a power boiler (permit-required confined space) while arc gouging (cutting) a 30-foot long by 27-inch wide I-beam into 5-foot sections.,The narrative explicitly describes permit-controlled work or a permit-required activity; validity or violation is not established.,accepted,NOT_ESTABLISHED,offline_ai_assisted_narrative_review_not_hse_ground_truth,iogp-lsr-ai-assisted-v0.3.0,evaluation
OSHA-SIR-2022064916,OSHA_SIR,2022064916,osha-text-4585fc7d678f,An employee was trying to prevent a patient from entering an unauthorized area. The patient fell on the employee's right hand injuring the employee's right little finger.,LSR08,An employee was trying to prevent a patient from entering an unauthorized area.,SYNONYM_HIT_NOT_A_LABEL,NEGATIVE,,The reviewed term refers to an unrelated use of authorisation/JSA or does not establish permit-controlled work.,accepted,NOT_ESTABLISHED,offline_ai_assisted_narrative_review_not_hse_ground_truth,iogp-lsr-ai-assisted-v0.3.0,evaluation
OSHA-SIR-2022087589,OSHA_SIR,2022087589,osha-text-ecef060e01e3,A casino security employee was responding to a report of an uncooperative guest entering through an unauthorized door. The employee was injured in a physical struggle with the guest; the employee fell to the floor and was hospitalized with a fractured knee and torn ligaments.,LSR08,A casino security employee was responding to a report of an uncooperative guest entering through an unauthorized door.,SYNONYM_HIT_NOT_A_LABEL,NEGATIVE,,The reviewed term refers to an unrelated use of authorisation/JSA or does not establish permit-controlled work.,accepted,NOT_ESTABLISHED,offline_ai_assisted_narrative_review_not_hse_ground_truth,iogp-lsr-ai-assisted-v0.3.0,train
OSHA-SIR-2024054337,OSHA_SIR,2024054337,osha-text-9291536adb83,"Two employees were troubleshooting a post-fire event in a pump room. It was found that one or two nuts were missing from the bolts that secured the loose blow-out panel. One of the two employees placed the blow-out panel back in its original position. As he closed the oil chamber, the vacuum increased. Mixing conditions changed and the oil dispersion exploded. The two employees in front of the blow-out panels sustained severe burns.",LSR08,Mixing conditions changed and the oil dispersion exploded.,SYNONYM_HIT_NOT_A_LABEL,NEGATIVE,,The reviewed term refers to an unrelated use of authorisation/JSA or does not establish permit-controlled work.,accepted,NOT_ESTABLISHED,offline_ai_assisted_narrative_review_not_hse_ground_truth,iogp-lsr-ai-assisted-v0.3.0,train
