model_family,classes,positive_probability_column,threshold,true_positives,false_positives,true_negatives,false_negatives,precision,recall,specificity,balanced_accuracy,f1,f2,confusion_matrix,predicted_class_counts,lower,upper,review_count,review_rate,automatic_decision_coverage,auto_non_sif,auto_sif,human_positive_routed_auto_non_sif
setfit_saved_train_only,"[np.int64(0), np.int64(1)]",1,0.2,68,10,8,6,0.8717948717948718,0.918918918918919,0.4444444444444444,0.6816816816816818,0.8947368421052632,0.9090909090909093,"[[8, 10], [6, 68]]","{'NON_SIF_POTENTIAL': 14, 'SIF_POTENTIAL': 78}",0.15000000000000002,0.25,2,0.021739130434782608,0.9782608695652174,13,77,6
setfit_saved_train_only,"[np.int64(0), np.int64(1)]",1,0.2,68,10,8,6,0.8717948717948718,0.918918918918919,0.4444444444444444,0.6816816816816818,0.8947368421052632,0.9090909090909093,"[[8, 10], [6, 68]]","{'NON_SIF_POTENTIAL': 14, 'SIF_POTENTIAL': 78}",0.1,0.30000000000000004,10,0.10869565217391304,0.8913043478260869,5,77,2
setfit_saved_train_only,"[np.int64(0), np.int64(1)]",1,0.25,68,9,9,6,0.8831168831168831,0.918918918918919,0.5,0.7094594594594594,0.9006622516556292,0.9115281501340483,"[[9, 9], [6, 68]]","{'NON_SIF_POTENTIAL': 15, 'SIF_POTENTIAL': 77}",0.2,0.3,1,0.010869565217391304,0.9891304347826086,14,77,6
setfit_saved_train_only,"[np.int64(0), np.int64(1)]",1,0.25,68,9,9,6,0.8831168831168831,0.918918918918919,0.5,0.7094594594594594,0.9006622516556292,0.9115281501340483,"[[9, 9], [6, 68]]","{'NON_SIF_POTENTIAL': 15, 'SIF_POTENTIAL': 77}",0.15,0.35,4,0.043478260869565216,0.9565217391304348,13,75,6
setfit_saved_train_only,"[np.int64(0), np.int64(1)]",1,0.3,68,9,9,6,0.8831168831168831,0.918918918918919,0.5,0.7094594594594594,0.9006622516556292,0.9115281501340483,"[[9, 9], [6, 68]]","{'NON_SIF_POTENTIAL': 15, 'SIF_POTENTIAL': 77}",0.25,0.35,2,0.021739130434782608,0.9782608695652174,15,75,6
setfit_saved_train_only,"[np.int64(0), np.int64(1)]",1,0.3,68,9,9,6,0.8831168831168831,0.918918918918919,0.5,0.7094594594594594,0.9006622516556292,0.9115281501340483,"[[9, 9], [6, 68]]","{'NON_SIF_POTENTIAL': 15, 'SIF_POTENTIAL': 77}",0.19999999999999998,0.4,3,0.03260869565217391,0.967391304347826,14,75,6
setfit_saved_train_only,"[np.int64(0), np.int64(1)]",1,0.35,66,9,9,8,0.88,0.8918918918918919,0.5,0.6959459459459459,0.8859060402684564,0.8894878706199462,"[[9, 9], [8, 66]]","{'NON_SIF_POTENTIAL': 17, 'SIF_POTENTIAL': 75}",0.3,0.39999999999999997,2,0.021739130434782608,0.9782608695652174,15,75,6
setfit_saved_train_only,"[np.int64(0), np.int64(1)]",1,0.35,66,9,9,8,0.88,0.8918918918918919,0.5,0.6959459459459459,0.8859060402684564,0.8894878706199462,"[[9, 9], [8, 66]]","{'NON_SIF_POTENTIAL': 17, 'SIF_POTENTIAL': 75}",0.24999999999999997,0.44999999999999996,2,0.021739130434782608,0.9782608695652174,15,75,6
setfit_saved_train_only,"[np.int64(0), np.int64(1)]",1,0.39999999999999997,66,9,9,8,0.88,0.8918918918918919,0.5,0.6959459459459459,0.8859060402684564,0.8894878706199462,"[[9, 9], [8, 66]]","{'NON_SIF_POTENTIAL': 17, 'SIF_POTENTIAL': 75}",0.35,0.44999999999999996,0,0.0,1.0,17,75,8
setfit_saved_train_only,"[np.int64(0), np.int64(1)]",1,0.39999999999999997,66,9,9,8,0.88,0.8918918918918919,0.5,0.6959459459459459,0.8859060402684564,0.8894878706199462,"[[9, 9], [8, 66]]","{'NON_SIF_POTENTIAL': 17, 'SIF_POTENTIAL': 75}",0.29999999999999993,0.5,2,0.021739130434782608,0.9782608695652174,15,75,6
setfit_saved_train_only,"[np.int64(0), np.int64(1)]",1,0.44999999999999996,66,9,9,8,0.88,0.8918918918918919,0.5,0.6959459459459459,0.8859060402684564,0.8894878706199462,"[[9, 9], [8, 66]]","{'NON_SIF_POTENTIAL': 17, 'SIF_POTENTIAL': 75}",0.39999999999999997,0.49999999999999994,0,0.0,1.0,17,75,8
setfit_saved_train_only,"[np.int64(0), np.int64(1)]",1,0.44999999999999996,66,9,9,8,0.88,0.8918918918918919,0.5,0.6959459459459459,0.8859060402684564,0.8894878706199462,"[[9, 9], [8, 66]]","{'NON_SIF_POTENTIAL': 17, 'SIF_POTENTIAL': 75}",0.35,0.5499999999999999,1,0.010869565217391304,0.9891304347826086,17,74,8
setfit_saved_train_only,"[np.int64(0), np.int64(1)]",1,0.49999999999999994,66,9,9,8,0.88,0.8918918918918919,0.5,0.6959459459459459,0.8859060402684564,0.8894878706199462,"[[9, 9], [8, 66]]","{'NON_SIF_POTENTIAL': 17, 'SIF_POTENTIAL': 75}",0.44999999999999996,0.5499999999999999,1,0.010869565217391304,0.9891304347826086,17,74,8
setfit_saved_train_only,"[np.int64(0), np.int64(1)]",1,0.49999999999999994,66,9,9,8,0.88,0.8918918918918919,0.5,0.6959459459459459,0.8859060402684564,0.8894878706199462,"[[9, 9], [8, 66]]","{'NON_SIF_POTENTIAL': 17, 'SIF_POTENTIAL': 75}",0.3999999999999999,0.6,2,0.021739130434782608,0.9782608695652174,17,73,8
setfit_saved_train_only,"[np.int64(0), np.int64(1)]",1,0.5499999999999999,65,9,9,9,0.8783783783783784,0.8783783783783784,0.5,0.6891891891891893,0.8783783783783784,0.8783783783783784,"[[9, 9], [9, 65]]","{'NON_SIF_POTENTIAL': 18, 'SIF_POTENTIAL': 74}",0.49999999999999994,0.6,2,0.021739130434782608,0.9782608695652174,17,73,8
setfit_saved_train_only,"[np.int64(0), np.int64(1)]",1,0.5499999999999999,65,9,9,9,0.8783783783783784,0.8783783783783784,0.5,0.6891891891891893,0.8783783783783784,0.8783783783783784,"[[9, 9], [9, 65]]","{'NON_SIF_POTENTIAL': 18, 'SIF_POTENTIAL': 74}",0.44999999999999996,0.6499999999999999,2,0.021739130434782608,0.9782608695652174,17,73,8
setfit_saved_train_only,"[np.int64(0), np.int64(1)]",1,0.5999999999999999,64,9,9,10,0.8767123287671232,0.8648648648648649,0.5,0.6824324324324325,0.8707482993197279,0.8672086720867209,"[[9, 9], [10, 64]]","{'NON_SIF_POTENTIAL': 19, 'SIF_POTENTIAL': 73}",0.5499999999999998,0.6499999999999999,1,0.010869565217391304,0.9891304347826086,18,73,9
setfit_saved_train_only,"[np.int64(0), np.int64(1)]",1,0.5999999999999999,64,9,9,10,0.8767123287671232,0.8648648648648649,0.5,0.6824324324324325,0.8707482993197279,0.8672086720867209,"[[9, 9], [10, 64]]","{'NON_SIF_POTENTIAL': 19, 'SIF_POTENTIAL': 73}",0.4999999999999999,0.6999999999999998,3,0.03260869565217391,0.967391304347826,17,72,8
setfit_saved_train_only,"[np.int64(0), np.int64(1)]",1,0.6499999999999999,64,9,9,10,0.8767123287671232,0.8648648648648649,0.5,0.6824324324324325,0.8707482993197279,0.8672086720867209,"[[9, 9], [10, 64]]","{'NON_SIF_POTENTIAL': 19, 'SIF_POTENTIAL': 73}",0.5999999999999999,0.7,1,0.010869565217391304,0.9891304347826086,19,72,10
setfit_saved_train_only,"[np.int64(0), np.int64(1)]",1,0.6499999999999999,64,9,9,10,0.8767123287671232,0.8648648648648649,0.5,0.6824324324324325,0.8707482993197279,0.8672086720867209,"[[9, 9], [10, 64]]","{'NON_SIF_POTENTIAL': 19, 'SIF_POTENTIAL': 73}",0.5499999999999999,0.7499999999999999,6,0.06521739130434782,0.9347826086956522,18,68,9
setfit_saved_train_only,"[np.int64(0), np.int64(1)]",1,0.7,63,9,9,11,0.875,0.8513513513513513,0.5,0.6756756756756757,0.863013698630137,0.8559782608695652,"[[9, 9], [11, 63]]","{'NON_SIF_POTENTIAL': 20, 'SIF_POTENTIAL': 72}",0.6499999999999999,0.75,5,0.05434782608695652,0.9456521739130435,19,68,10
setfit_saved_train_only,"[np.int64(0), np.int64(1)]",1,0.7,63,9,9,11,0.875,0.8513513513513513,0.5,0.6756756756756757,0.863013698630137,0.8559782608695652,"[[9, 9], [11, 63]]","{'NON_SIF_POTENTIAL': 20, 'SIF_POTENTIAL': 72}",0.6,0.7999999999999999,6,0.06521739130434782,0.9347826086956522,19,67,10
setfit_saved_train_only,"[np.int64(0), np.int64(1)]",1,0.7499999999999998,59,9,9,15,0.8676470588235294,0.7972972972972973,0.5,0.6486486486486487,0.8309859154929577,0.8104395604395603,"[[9, 9], [15, 59]]","{'NON_SIF_POTENTIAL': 24, 'SIF_POTENTIAL': 68}",0.6999999999999997,0.7999999999999998,5,0.05434782608695652,0.9456521739130435,20,67,11
setfit_saved_train_only,"[np.int64(0), np.int64(1)]",1,0.7499999999999998,59,9,9,15,0.8676470588235294,0.7972972972972973,0.5,0.6486486486486487,0.8309859154929577,0.8104395604395603,"[[9, 9], [15, 59]]","{'NON_SIF_POTENTIAL': 24, 'SIF_POTENTIAL': 68}",0.6499999999999998,0.8499999999999998,7,0.07608695652173914,0.9239130434782609,19,66,10
