candidate_id,ai_pass_c_label,ai_pass_c_confidence,ai_pass_c_hazard,ai_pass_c_exposure,ai_pass_c_barrier_failure,ai_pass_c_credible_consequence,ai_pass_c_reason,ai_pass_c_provenance
OSHA-SIR-20241110304,NON_SIF_POTENTIAL,0.9,Unspecified spider bite,Employee was bitten at the job site,No specific failed critical control or dangerous species is described,Localized bite reaction; a fatal or permanently disabling pathway is not credibly established,"The narrative lacks venom severity, systemic exposure, or a failed control supporting SIF potential.",AI_SOL_XHIGH_PASS_C
OSHA-SIR-2024032164,SIF_POTENTIAL,0.91,Heavy cylindrical mud motor rolling on a pipe rack,Employee manually repositioned the motor within its roll path,A loose rock was used as a chock and did not restrain the motor,Severe limb or body crush with permanent impairment or fatality,A heavy tubular motor moved uncontrollably after its improvised restraint failed while the employee was in the line of fire.,AI_SOL_XHIGH_PASS_C
OSHA-SIR-2024010257,SIF_POTENTIAL,0.88,Crane-handled 36-inch cylinder shells and pinch energy,Employee had a hand between large shells during the lift,Hands were not kept clear of the load pinch zone,Major crush or traumatic amputation; whole-body crushing is credible near the lifted shells,Large crane-handled vessels shifted with the employee directly in their pinch zone.,AI_SOL_XHIGH_PASS_C
OSHA-SIR-2024010653,UNCERTAIN,0.64,Hydraulic torque-tool reaction force while working from a ladder,Employee's hand was near the active tool and the employee was elevated,Hand placement or reaction control was ineffective; ladder height and fall controls are unstated,A severe hand injury or consequential fall is possible but not established,"The tool has meaningful energy and ladder exposure is mentioned, but height, stability, and wider body exposure are insufficiently described.",AI_SOL_XHIGH_PASS_C
OSHA-SIR-2024021317,SIF_POTENTIAL,0.9,Tensioned winch cable and entanglement energy,Operator's hand entered beneath the cable during operation,Separation from the live cable and pinch zone was not maintained,Traumatic limb loss or body entanglement with fatal potential,Contact with a live winch cable can pull or crush beyond the initially contacted hand.,AI_SOL_XHIGH_PASS_C
OSHA-SIR-2025032579,SIF_POTENTIAL,0.74,Moving forklift passing close to a fixed tote,Operator's foot was exposed outside or beyond protected clearance and snagged while the forklift moved,Operator containment and clearance from the fixed obstacle were ineffective,"Severe lower-limb crush, entrapment, or permanent impairment",Continued vehicle motion against a trapped foot creates a credible severe crush pathway despite limited geometry details.,AI_SOL_XHIGH_PASS_C
OSHA-SIR-2024076029,SIF_POTENTIAL,0.8,Hydraulic power-tong handle movement against drill pipe,Employee pulled the handle with a hand in the closing pinch zone,Guarding or safe hand clearance at the powered tong was ineffective,Severe hand or limb crushing with permanent functional loss,Powered tong movement supplied enough mechanical energy to trap a worker against fixed drill pipe.,AI_SOL_XHIGH_PASS_C
OSHA-SIR-2025021422,SIF_POTENTIAL,0.93,Forklift carriage pressing a fence barrier,Signaler stood beside and touched barriers while the carriage applied force,The carriage slipped during an improvised pushing task and no exclusion zone protected the employee,Severe limb or whole-body crushing with fatal potential,A powered carriage lost secure contact while a person was inside the barrier's crush zone.,AI_SOL_XHIGH_PASS_C
OSHA-SIR-2024010753,SIF_POTENTIAL,0.94,Rotating mini excavator between closely parked equipment,Employee stood in the converging space between the excavator and dump truck,Swing-zone separation and equipment coordination failed,Whole-body crushing or fatal entrapment between machines,The employee occupied a mobile-equipment swing and crush zone while the excavator rotated.,AI_SOL_XHIGH_PASS_C
OSHA-SIR-2024098564,SIF_POTENTIAL,0.9,Forklift-supported trailer being lowered onto a hitch,Employee placed a hand on the hitch beneath the descending trailer interface,Hands were not excluded from the suspended-load pinch point,"Severe crush, traumatic amputation, or fatal crushing if the trailer shifts",A heavy trailer was supported and lowered by a forklift while the employee was in its pinch zone.,AI_SOL_XHIGH_PASS_C
OSHA-SIR-2024021751,SIF_POTENTIAL,0.94,Plugged condensate drain with thermal and pressure energy,Employee opened and approached the drain line while clearing boiler condensate,Isolation and verification of a plugged hot line were inadequate before opening,Fatal scalding or permanently disabling thermal injury,Unexpected movement of a plugged condensate line indicates uncontrolled hot-fluid and pressure energy at close range.,AI_SOL_XHIGH_PASS_C
OSHA-SIR-2024010135,SIF_POTENTIAL,0.9,Tensioned winch line and catching bridle,Employee manually shook the line with fingers close enough to be wrapped,Entanglement separation and control of the tensioned line failed,Traumatic limb loss or whole-body pull-in with fatal potential,"A bridle caught a live winch line while the employee manually manipulated it, creating a credible pull-in pathway.",AI_SOL_XHIGH_PASS_C
OSHA-SIR-2025021704,UNCERTAIN,0.65,Outdoor environmental cold,Rig worker had prolonged enough cold exposure for fingers to be affected,"Adequacy of gloves, warming breaks, exposure duration, and temperature is not given","Permanent tissue loss is possible, but severity and exposure conditions are not established","Cold can cause disabling injury, but the narrative lacks the conditions needed to judge credible SIF potential.",AI_SOL_XHIGH_PASS_C
OSHA-SIR-2024054626,UNCERTAIN,0.66,Outdoor environmental heat during field work,Employee developed symptoms after working around compression equipment,"Hydration, acclimatization, rest, monitoring, and heat intensity are not described","Fatal heat illness is possible, but a severe exposure scenario is not sufficiently supported",The narrative establishes heat symptoms but not the dose or failed controls needed to determine SIF potential.,AI_SOL_XHIGH_PASS_C
OSHA-SIR-2024098181,NON_SIF_POTENTIAL,0.78,Loss of balance while using a poke rod at floor level,Employee fell backward onto the same-level floor,"Stable footing or body positioning was ineffective, but no major hazard or elevation is described",Ordinary same-level fall injury; no independently supported fatal or permanently disabling pathway,"The mechanism described is a same-level backward fall without elevation, machinery contact, or another high-energy exposure.",AI_SOL_XHIGH_PASS_C
OSHA-SIR-2025043710,SIF_POTENTIAL,0.92,Exposed rotating belts and sheave on a pumping unit,Employee worked close to the drive and entered the nip point while losing balance,The rotating drive was not isolated or effectively guarded during sensor adjustment,"Pull-in, traumatic limb loss, or fatal entanglement",An employee adjusting equipment was within reach of an energized belt-and-sheave nip point.,AI_SOL_XHIGH_PASS_C
OSHA-SIR-2024010091,NON_SIF_POTENTIAL,0.94,Low-energy same-level fall and light display items,Employee missed a chair and fell against a display case,"Chair positioning and item retention were ineffective, with no critical high-energy barrier identified",Minor-to-moderate impact injury; SIF-level potential is not credibly supported,"The office-type fall and falling items do not establish significant energy, elevation, or a severe consequence pathway.",AI_SOL_XHIGH_PASS_C
OSHA-SIR-2024076300,SIF_POTENTIAL,0.95,Pressurized hose reaction and a 4.5-foot platform edge,Employee handling the hose was thrown from the elevated platform,Hose restraint or pressure control and edge protection were ineffective,Fatal head trauma or permanently disabling spinal injury from the forced fall,Pressurized hose force directly displaced the employee over an exposed platform edge.,AI_SOL_XHIGH_PASS_C
OSHA-SIR-2024054631,SIF_POTENTIAL,0.8,Fall from a pickup bumper while transferring a generator above a trailer tongue,Employee balanced on the bumper while handling a load over a rigid protrusion,"Stable access, controlled material handling, and separation from the trailer tongue were absent","Impaling or major head, chest, or spinal trauma with fatal potential",The load-transfer posture created a credible fall onto a concentrated rigid trailer component.,AI_SOL_XHIGH_PASS_C
OSHA-SIR-2025021232,UNCERTAIN,0.67,Uncontrolled diesel release and ingestion or aspiration exposure,Employee was at the open transfer point and fuel entered the mouth while stopping flow,Valve and transfer containment did not prevent release; quantity and respiratory exposure are unstated,"Severe aspiration injury is possible, but the dose and pathway are not established","Hydrocarbon ingestion is described, but the amount, aspiration, and exposure conditions are insufficient for a binary SIF judgment.",AI_SOL_XHIGH_PASS_C
OSHA-SIR-2025032390,SIF_POTENTIAL,0.94,"Moving well mechanism, pulley, and improvised wrench braking",Employee placed a wrench and hand into the operating mechanism,The unit was not isolated and a hand tool was used to slow moving equipment,Fatal pull-in or permanently disabling crush and amputation,Direct manual interference with an energized pulley mechanism created an uncontrolled entanglement and pinch pathway.,AI_SOL_XHIGH_PASS_C
OSHA-SIR-20241211383,UNCERTAIN,0.64,Grate released suddenly while multiple workers pushed it,Employee entered the travel path to clear the obstruction and was pinned against the frame,Communication and line-of-fire control failed; grate mass and available force are unstated,"A severe leg crush is possible, but SIF-level energy is not established","The release and pinning mechanism is clear, but the manually moved grate's mass and capacity for life-altering injury are insufficiently described.",AI_SOL_XHIGH_PASS_C
OSHA-SIR-2024021513,NON_SIF_POTENTIAL,0.8,Short fall while exiting a tractor,Employee lost footing during routine egress and landed on the ground,Three-point contact or stable egress was ineffective; no significant height or compounding hazard is stated,Injury from a low-level fall; fatal or permanently disabling potential is not credibly established,The narrative describes ordinary equipment egress below six feet without a severe secondary hazard.,AI_SOL_XHIGH_PASS_C
OSHA-SIR-2025032724,SIF_POTENTIAL,0.84,Concealed 40-inch-deep floor opening,Employee walked into a 2-by-2-foot opening with limited visibility,The access opening was unguarded and partially concealed by a rug,"Head-first fall, spinal trauma, or other permanently disabling injury",A hidden floor opening exposed the employee to an uncontrolled fall into a confined footprint.,AI_SOL_XHIGH_PASS_C
OSHA-SIR-2024032554,UNCERTAIN,0.82,Fall from an earthen berm,Employee stood on the berm and fell to a lower level,"Stable footing or edge protection may have been inadequate, but height and slope are not provided",Fatal or disabling fall injury depends on unknown height and landing conditions,"The presence of an elevation change is clear, but essential severity determinants are missing.",AI_SOL_XHIGH_PASS_C
OSHA-SIR-2024109364,SIF_POTENTIAL,0.9,Forklift mast movement against a fixed equipment brace,Spotter stood adjacent to the mast and within the closing crush point,Spotter separation and controlled placement were ineffective,Severe limb or whole-body crushing with fatal potential,A pedestrian spotter was inside the powered forklift mast's crush zone against fixed equipment.,AI_SOL_XHIGH_PASS_C
OSHA-SIR-20251010231,SIF_POTENTIAL,0.82,Rigid two-inch threaded rod protruding at face level,Employee's eye and face entered the rod's point while rising,"The protrusion was not capped, guarded, or kept outside the work envelope",Eye penetration and permanent vision loss or intracranial injury,A substantial uncapped rod at head height created a credible life-altering impalement hazard.,AI_SOL_XHIGH_PASS_C
OSHA-SIR-2024032434,SIF_POTENTIAL,0.76,Wind-driven engine-room door,Employee's head was in the door's closing path,The door was not secured against an external gust,Severe head or neck trauma with fatal potential,An uncontrolled door closed directly onto the employee's head; door mass and force limit confidence.,AI_SOL_XHIGH_PASS_C
OSHA-SIR-2024021072,UNCERTAIN,0.7,Wet rotating-rubber component sliding down casing,Employee's hand was close to the casing beneath the sliding component,The component was not secured against sliding; its mass and drop distance are unstated,"A severe crush is possible, but the available gravitational energy is unclear","The falling-object mechanism is present, yet the component's weight, height, and wider body exposure are insufficient for a binary label.",AI_SOL_XHIGH_PASS_C
OSHA-SIR-2024010267,UNCERTAIN,0.65,Tube slipping during rig-down work on a catwalk,Employee's foot was in the tube's drop path,The tube was not secured during handling; weight and fall distance are not stated,"A disabling crush is possible, but SIF-level energy is not established","The narrative does not provide tube mass, support method, drop height, or whole-body exposure.",AI_SOL_XHIGH_PASS_C
OSHA-SIR-2024054144,UNCERTAIN,0.64,Solid debris falling from a vacuum truck during unloading,Employee stood in the debris discharge or fall zone,The discharge area did not exclude the employee; debris size and mass are unstated,Severe crush or struck-by trauma is possible but not sufficiently supported,"Falling debris is a credible hazard, but its energy and the employee's exact position are too poorly specified for a binary judgment.",AI_SOL_XHIGH_PASS_C
OSHA-SIR-2025077110,SIF_POTENTIAL,0.98,Unsupported 450-pound flange falling from a pipe rack,Employee worked beside and beneath the flange's crush path,Dunnage supporting the flange failed,Fatal body crushing or permanently disabling limb trauma,A documented support failure released a 450-pound object while the employee was in its fall zone.,AI_SOL_XHIGH_PASS_C
OSHA-SIR-2024053824,SIF_POTENTIAL,0.86,Heavy steel plate rolling or shifting from a pipe assembly,Employee stood with a foot in the plate's movement path,The attached plate was not restrained against rolling during the cementing task,Severe limb crush or whole-body crushing with permanent or fatal consequences,The narrative identifies a heavy steel component that moved uncontrolled into the employee's line of fire.,AI_SOL_XHIGH_PASS_C
OSHA-SIR-2024021680,SIF_POTENTIAL,0.96,Energized rotating pump during maintenance,Employee's hand entered the rotating mechanism while using a tool,Isolation and guarding were ineffective during maintenance,Fatal entanglement or permanently disabling limb loss,"Maintenance occurred within reach of an operating pump, creating a direct pull-in hazard.",AI_SOL_XHIGH_PASS_C
OSHA-SIR-2024054535,UNCERTAIN,0.72,Valve closing pinch point during manual actuation,Employee's hand remained in the valve mechanism while it moved,Safe hand positioning was ineffective; valve size and actuation force are unstated,"Severe hand crushing is possible, but life-altering energy is not established","The pinch mechanism is clear, but the valve's force, travel, and capacity to involve more than the hand are not described.",AI_SOL_XHIGH_PASS_C
OSHA-SIR-2025099684,SIF_POTENTIAL,0.96,Unexpected drawworks-engine rotation during manual starting,Employee used an Allen wrench at the engine and remained in its rotation zone,Energy isolation and a safe starting method were absent or ineffective,"Fatal entanglement, tool strike, or permanently disabling limb trauma","The engine energized while being manipulated manually with a hand tool, exposing the employee to uncontrolled rotating energy.",AI_SOL_XHIGH_PASS_C
OSHA-SIR-2025054962,SIF_POTENTIAL,0.97,Press die and spin motion during cleaning,Operator reached into the die area while the machine remained in jog mode,The machine was not isolated and spin engaged unexpectedly through the control sequence,Fatal entanglement or permanently disabling crush and amputation,An operator entered an active press and rotating danger zone during cleaning without effective energy isolation.,AI_SOL_XHIGH_PASS_C
OSHA-SIR-2024021480,UNCERTAIN,0.76,Pinch point between a rod-basket swivel frame and rig support,Employee's finger entered the closing interface while working in the basket,Pinch-point separation was ineffective; movement source and force are unstated,"Severe limb crushing is possible, but the credible extent is unclear","Rig equipment is involved, but the narrative does not establish whether powered movement or wider body exposure was present.",AI_SOL_XHIGH_PASS_C
OSHA-SIR-2025010579,SIF_POTENTIAL,0.95,Unexpected energization of power tongs during component changeout,Employee's hand was inside the tong-head danger zone,Energy isolation failed or was absent during maintenance,Fatal pull-in or permanently disabling hand and limb crushing,High-torque equipment energized while the employee was changing internal components.,AI_SOL_XHIGH_PASS_C
OSHA-SIR-2024021495,SIF_POTENTIAL,0.88,Heavy elevators and tubing moving during well coupling,Employee placed a hand in the coupling pinch zone while elevators were lowered,Hands were not separated from moving rig equipment,Severe hand or limb crushing; larger-body crushing is credible around the tubing,The employee was directly exposed to the closing path of heavy moving well-service equipment.,AI_SOL_XHIGH_PASS_C
OSHA-SIR-2024098909,SIF_POTENTIAL,0.95,Crane-supported grease head and lubricator shifting in a tight space,Employee hand-stabilized the suspended assembly beside a fixed pinch surface,The load was not controlled against slipping and hands entered the pinch zone,Fatal crushing or permanently disabling limb trauma,A crane-supported heavy assembly shifted while the employee manually stabilized it in a confined crush zone.,AI_SOL_XHIGH_PASS_C
OSHA-SIR-2024065056,SIF_POTENTIAL,0.94,Forklift-supported flowline box shifting during placement,Employee handled the strap and stood beside the box while the boom was manipulated,Suspended-load exclusion and tag-line control were ineffective,Fatal body crushing or permanently disabling lower-limb trauma,The employee remained in the line of fire of a forklift-supported box that shifted during positioning.,AI_SOL_XHIGH_PASS_C
OSHA-SIR-2024109922,UNCERTAIN,0.72,Overhead low-pressure steam-vent discharge and evasive movement,Employee was beneath the vent and moved abruptly to avoid falling water,The vent discharged into an occupied area; fluid temperature and release magnitude are unstated,"Severe scalding may be possible, but thermal energy is not established","A process release prompted evasive action, yet the narrative specifies water from a low-pressure vent without temperature or volume details.",AI_SOL_XHIGH_PASS_C
OSHA-SIR-2016042900,SIF_POTENTIAL,0.82,Uncontrolled large-animal movement into metal railing,Employee shared the pen and was struck or compressed as the horse bolted,Control of the horse and separation from the railing failed,"Fatal crushing, trampling, or permanently disabling trauma",A running horse has sufficient mass and speed to create a credible severe crush pathway in a confined pen.,AI_SOL_XHIGH_PASS_C
OSHA-SIR-2017065761,NON_SIF_POTENTIAL,0.91,Unspecified spider bite,Employee's calf was bitten at the drilling rig,"No dangerous species, systemic exposure, or failed critical control is described",Localized bite reaction; credible fatal or permanently disabling potential is not supported,The narrative provides no facts establishing a medically severe venom hazard or a SIF-level exposure.,AI_SOL_XHIGH_PASS_C
OSHA-SIR-2015020234,SIF_POTENTIAL,0.9,Come-along swivel failure while handling a hydraulic ram,Employee was beside the supported load and inside its pinch path,The come-along swivel failed during the component change,Fatal load shift or permanently disabling crush injury,Failure of load-handling hardware released mechanical energy while the employee was adjacent to a heavy hydraulic component.,AI_SOL_XHIGH_PASS_C
OSHA-SIR-2015010093,UNCERTAIN,0.84,Pinch point between ST-80 equipment and metal,Employee's thumb was in the closing interface,Pinch-point separation was ineffective; equipment motion and energy are not described,"Severe hand or limb crushing is possible, but SIF-level potential cannot be determined","The narrative names a pinch location but omits how the equipment moved, its force, and whether more of the body was exposed.",AI_SOL_XHIGH_PASS_C
OSHA-SIR-20171010313,SIF_POTENTIAL,0.8,Heavy forklift fork and support bar dropping during adjustment,Employee held the assembly while booming and kicking the fork into position,The fork assembly was not secured and hands remained in the drop pinch zone,Permanent hand or limb crushing; a dropped fork can produce life-altering trauma,Manual adjustment allowed heavy fork components to drop while the employee maintained direct contact.,AI_SOL_XHIGH_PASS_C
OSHA-SIR-2017076668,SIF_POTENTIAL,0.88,Gravity-loaded cutting trough and falling saddle-support slide,Worker's hand was on the stuck support inside the crush zone,No positive blocking or securement was verified before releasing the support,Dropped or shifted heavy components could crush or amputate a hand or limb,"A loaded support was released while a hand occupied the pinch point, making permanent crush injury credible.",AI_SOL_XHIGH_PASS_C
OSHA-SIR-2015020655,SIF_POTENTIAL,0.91,Powered tong plate and securing-pin pinch point,Worker's hand was between the tong plate and pin,Hand separation from the powered tong pinch point was not maintained,High-force pinching could permanently crush or amputate multiple digits or the hand,The tong mechanism placed a hand directly in a high-force pinch zone with no effective separation barrier.,AI_SOL_XHIGH_PASS_C
OSHA-SIR-2015010296,SIF_POTENTIAL,0.97,Automatic sampler with unexpected powered actuation,Worker inserted a finger into the sampler while clearing it,Sampler was not isolated against automatic actuation before hand entry,Unexpected motion could crush or amputate the hand or draw in the limb,Hand entry into an automatically actuated sampler without verified isolation creates credible permanent injury potential.,AI_SOL_XHIGH_PASS_C
OSHA-SIR-2015010325,SIF_POTENTIAL,0.95,Pump plunger and unexpected stored or powered motion,Worker reached inside the pump during repair,Pump was not isolated or verified de-energized before internal access,A pump kick could crush or amputate the hand or arm,"Internal repair occurred while the pump could still move unexpectedly, exposing the worker to severe crush energy.",AI_SOL_XHIGH_PASS_C
OSHA-SIR-2015010448,SIF_POTENTIAL,0.99,Running salt-spreader impeller and chain drive,Worker reached into the moving components,The machine remained running during hand entry; guarding and isolation were ineffective,Rotating components could amputate a limb or pull the worker into the machine,Direct hand entry into an operating impeller and chain system presents credible life-altering or fatal entanglement potential.,AI_SOL_XHIGH_PASS_C
OSHA-SIR-2015010736,SIF_POTENTIAL,0.98,Powered reciprocating jaws on a can wrench,Worker's hand was in the jaw travel and pinch zone,Lockout/tagout was explicitly absent,Unexpected jaw motion could crush or amputate the hand,"Powered jaws moved while the worker lacked energy isolation, supporting credible permanent crush injury.",AI_SOL_XHIGH_PASS_C
OSHA-SIR-2016065162,SIF_POTENTIAL,0.94,Retracting crane outrigger with high-force shear points,Worker placed a hand on the outrigger during retraction,No hand-clear or stop confirmation prevented contact with the moving outrigger,The outrigger could crush or amputate the hand or limb,A worker was in the shear zone of actively retracting heavy equipment without an effective separation control.,AI_SOL_XHIGH_PASS_C
OSHA-SIR-2015030400,SIF_POTENTIAL,0.94,"Moving pipe, elevator, and powered tongs in the derrick",Worker reached to unlatch the elevator while the rig equipment was active,Tongs engaged while the hand was exposed; coordination or interlock control failed,"Crushing, a dropped-pipe strike, or a fall could be fatal or permanently disabling",Simultaneous pipe handling and unexpected tong engagement exposed the worker to high-energy rig equipment.,AI_SOL_XHIGH_PASS_C
OSHA-SIR-2015074326,SIF_POTENTIAL,0.94,Moving derrick tip section and fixed stop plate,Worker's hand was in the pinch zone during rig-down,No effective hand-clear or positive-stop control separated the worker from section movement,Heavy structural movement could amputate the hand or crush a limb,Rig-down placed a worker at a high-force pinch point on a heavy derrick component.,AI_SOL_XHIGH_PASS_C
OSHA-SIR-2015064026,SIF_POTENTIAL,0.96,Rotating pulley and machine draw-in point,Worker's hand was caught and pulled toward the machine,Guarding or isolation did not prevent contact during installation,Draw-in could amputate the hand or involve the arm and body,The pulley created an active in-running nip capable of life-altering amputation or more extensive entanglement.,AI_SOL_XHIGH_PASS_C
OSHA-SIR-2017010049,SIF_POTENTIAL,0.8,Moving catwalk skate and pin pinch point,Worker's hand was at the skate-pin interface while the catwalk moved,No effective hand-clear or positive-stop control protected the pinch point,Movement of the large catwalk mechanism could permanently crush the hand,"A hand occupied the pinch zone of moving catwalk equipment, supporting credible permanent hand injury potential.",AI_SOL_XHIGH_PASS_C
OSHA-SIR-2015031198,SIF_POTENTIAL,0.96,Powered pipe-spinner chain and unexpected activation,Worker's hand entered the spinner-chain area after a trip engaged the control,Control layout and chain guarding did not prevent unintended activation and contact,The chain could amputate or entangle a limb and pull in the worker,Unexpected spinner activation with direct chain contact creates credible severe entanglement potential.,AI_SOL_XHIGH_PASS_C
OSHA-SIR-2018088265,SIF_POTENTIAL,0.93,"Tensioned cable, lifted mud tank, and truck roller",Worker's finger was at the cable-roller interface while the tank was lifted,Lifting occurred before the worker was clear; communication and line-of-fire controls failed,Cable tension or load movement could amputate a hand or cause a severe struck-by event,The worker remained in the line of fire of a tightening cable during heavy-load movement.,AI_SOL_XHIGH_PASS_C
OSHA-SIR-20171110662,UNCERTAIN,0.92,Excavation access or fall hazard of unspecified depth,Worker was stepping down into the excavation,"Depth, access condition, and failed control are not described","A severe fall is possible only if the excavation geometry is substantial, which is unknown","The narrative lacks excavation depth, configuration, and barrier facts, so credible SIF severity cannot be established.",AI_SOL_XHIGH_PASS_C
OSHA-SIR-2015010726,SIF_POTENTIAL,0.96,Powered workover tongs and wrench pinch point,Worker's hand remained between the tong and wrench during activation,The tong was engaged before the hand was clear; activation and communication controls failed,High-torque movement could crush or amputate the hand or arm,Premature powered-tong activation exposed the worker directly to high-force crushing energy.,AI_SOL_XHIGH_PASS_C
OSHA-SIR-2015041924,SIF_POTENTIAL,0.91,Hoisted cement plug and close pinch points,Worker handled the plug with a hand between its wing and body,Hand placement and line-of-fire controls did not separate the worker from the hoisted object's pinch zone,Load movement could amputate the hand or crush a limb,"A hand was used within the pinch zone of a plug being moved by an air hoist, making permanent injury credible.",AI_SOL_XHIGH_PASS_C
OSHA-SIR-20161211967,SIF_POTENTIAL,0.97,"Suspended shale bin, lifting chain, and loader motion",Worker grasped the chain at the bin while unhooking it,Loader controls could be bumped and the load was not isolated before hand entry,Unexpected load or chain movement could crush or amputate a limb or strike the worker,A heavy load remained energizable while the worker handled its chain at the pinch point.,AI_SOL_XHIGH_PASS_C
OSHA-SIR-20201211546,SIF_POTENTIAL,0.98,Pressurized liquefied butane with cold and flammable energy,Worker was directly sprayed during hose changeout,Hose or process isolation and containment failed,"Severe frostbite, flash fire, or explosion could cause fatal or permanently disabling injury",A butane release during hose work exposed the worker to both cryogenic contact and major fire/explosion potential.,AI_SOL_XHIGH_PASS_C
OSHA-SIR-2015010261,UNCERTAIN,0.93,Mulch machine with unspecified moving components,"Worker was operating the machine, but the contact zone and mechanism are unstated","Guarding, isolation, and operating controls are not described","Such machinery can cause permanent amputation, but the credible exposure path is unknown",The outcome alone cannot establish SIF potential without the machine-contact mechanism and barrier facts.,AI_SOL_XHIGH_PASS_C
OSHA-SIR-2015020682,UNCERTAIN,0.98,Setting tool with an unspecified energy source or mechanism,"Worker was tearing the tool down, but the exposed body position is not described","Stored-energy release, isolation, and tool controls are not described","A severe crush or release is possible for some tools, but it is not supported here","Only the task and outcome are given; hazard energy, exposure path, and failed barrier are insufficient for SIF judgment.",AI_SOL_XHIGH_PASS_C
OSHA-SIR-2015020050,SIF_POTENTIAL,0.91,Tensioned chain pulling a landing-joint connector,Worker guided the tightening chain by hand,Hand separation and line-of-fire controls failed as the chain tightened,Chain entanglement or connector movement could amputate a hand or cause a severe struck-by injury,Direct manual contact with a chain under increasing tension creates credible permanent injury potential.,AI_SOL_XHIGH_PASS_C
OSHA-SIR-2019076859,UNCERTAIN,0.79,Unknown caustic chemical during equipment removal,Two workers' legs were directly exposed,"A containment or PPE failure is implied, but quantity, concentration, and release path are not described","Deep chemical burns could be permanently disabling, but severity depends on missing agent and dose facts","Direct exposure is clear, yet the chemical strength, amount, and control failure are too sparse for a confident SIF judgment.",AI_SOL_XHIGH_PASS_C
OSHA-SIR-2015064039,UNCERTAIN,0.84,Environmental heat stress,Worker became dizzy during work,"Temperature, workload, acclimatization, hydration, and rest controls are not described","Heat stroke can be fatal, but progression to that level is not established",The narrative confirms heat illness but lacks exposure intensity and control facts needed to establish credible SIF potential.,AI_SOL_XHIGH_PASS_C
OSHA-SIR-2015063562,SIF_POTENTIAL,0.87,Environmental heat stress with systemic warning signs,"Worker was sweating heavily, pale, cramping, and attempted to resume work","Cooling was initiated, but work resumed despite symptoms; stop-work and medical escalation were ineffective",Progression to heat stroke or rhabdomyolysis-related organ damage could be fatal or life-altering,Multiple systemic symptoms and continued exposure after an initial cooling attempt support credible severe heat-illness potential.,AI_SOL_XHIGH_PASS_C
OSHA-SIR-2016010021,UNCERTAIN,0.94,Unspecified chemical exposure to the face,Worker's face was directly exposed,"Chemical identity, dose, route, and containment or PPE failure are not described","Eye, airway, or deep-tissue injury could be severe, but the credible severity cannot be determined",The narrative is too sparse on the agent and exposure mechanism to distinguish SIF from non-SIF potential.,AI_SOL_XHIGH_PASS_C
OSHA-SIR-2015010056,SIF_POTENTIAL,0.94,Hot or hazardous process contents released during strainer maintenance,Worker's legs and lower torso were exposed when the strainer was removed,"The strainer was opened without effective isolation, draining, or cooldown of hazardous contents",A broad process release could cause fatal burns or permanent tissue damage,"Maintenance opened process containment and exposed a large body area, supporting credible severe burn potential.",AI_SOL_XHIGH_PASS_C
OSHA-SIR-2015030112,UNCERTAIN,0.74,"Fuel-transfer vapor, flammability, or unrelated medical hazard",Worker was beside an active fuel transfer when consciousness was lost,"Ventilation, monitoring, ignition control, and the medical cause are not described","Toxic exposure or fire could be fatal, but the causal pathway is not established","Fuel transfer presents serious hazards, yet the narrative does not establish that vapor exposure or a barrier failure caused the collapse.",AI_SOL_XHIGH_PASS_C
OSHA-SIR-2019043879,SIF_POTENTIAL,0.97,"Detached rig stairs, six-foot fall, and falling structure",Worker was on the platform setting the stairs when they disconnected,The stair attachment or securement failed and no effective fall protection is described,A fall or impact from the stairs could cause fatal head trauma or permanent disability,A structural connection failed at elevation and the worker was exposed to both falling and struck-by energy.,AI_SOL_XHIGH_PASS_C
OSHA-SIR-2015053314,SIF_POTENTIAL,0.97,Collapsing catwalk and five-foot fall onto a truck,Worker stood on the catwalk while releasing crane straps,The work platform collapsed; structural integrity and fall protection were ineffective,A fall onto truck structure could cause fatal head or spinal trauma,Collapse of an elevated work surface above hard equipment creates credible fatal or life-altering fall potential.,AI_SOL_XHIGH_PASS_C
OSHA-SIR-20171110629,UNCERTAIN,0.84,Collapsing stairway at a wellhead,Worker was on the stairs operating valves when they gave way,"Structural support failed, but stair height and landing hazards are not described","A substantial fall could be fatal, while a low stair collapse may not have SIF potential","The barrier failure is clear, but missing height and surroundings prevent a reliable severity judgment.",AI_SOL_XHIGH_PASS_C
OSHA-SIR-2019099329,SIF_POTENTIAL,0.99,Collapse of an elevated solids-control equipment stand,One worker was on the stand and another was beside it,The stand's structural support failed without effective exclusion below,"Falling workers and equipment could cause fatal crush, chest, or head injuries",Structural collapse exposed workers both above and below to high-energy fall and crush hazards.,AI_SOL_XHIGH_PASS_C
OSHA-SIR-2020032012,SIF_POTENTIAL,0.98,Swinging and lowering drill pipe controlled by the top drive,Worker was on the deck in the pipe's movement and set-down zone,"Pipe-control, hand-clear, and coordination barriers failed during top-drive movement",A drill-pipe strike or set-down could crush a limb or fatally pin the worker,Heavy drill pipe moved back toward a worker and was lowered into the occupied line of fire.,AI_SOL_XHIGH_PASS_C
OSHA-SIR-2015031384,SIF_POTENTIAL,0.92,Lowering dump box and high-force pinch point,Worker fell into the dump-box movement zone,Equipment movement was not stopped or separated from the worker after the slip,The lowering box could amputate a limb or crush the body,A person occupied the pinch zone of heavy equipment that was actively lowering.,AI_SOL_XHIGH_PASS_C
OSHA-SIR-2016109793,SIF_POTENTIAL,0.88,Unguarded 12-16 inch steel projection beside a walking path,Worker tripped and fell directly onto the projection,The inverted cover left a rigid projection unguarded in the travel area,A fall onto the projection could cause fatal impalement or permanent head or joint injury,The substantial exposed projection made a severe alternative impact trajectory credible during the same trip.,AI_SOL_XHIGH_PASS_C
OSHA-SIR-2018010419,SIF_POTENTIAL,0.97,Falling drill pipe during rig handling,Worker was on the ground with hands in the pipe's drop zone,"Pipe securement, exclusion, and hand-clear controls failed",A falling pipe could crush a limb or fatally strike or pin the worker,"Heavy pipe fell into an occupied area, creating credible fatal or life-altering struck-by potential.",AI_SOL_XHIGH_PASS_C
OSHA-SIR-2021054085,SIF_POTENTIAL,0.89,Sharp Unistrut clip projecting at a containment curb,Worker fell onto the clip with the abdomen exposed,The projection was not guarded or removed from the fall path,Penetration could injure major vessels or internal organs and become fatal,"A sharp rigid projection contacted the torso during a foreseeable curb trip, supporting credible severe trauma potential.",AI_SOL_XHIGH_PASS_C
OSHA-SIR-2020032237,SIF_POTENTIAL,0.98,Active winch sheave and in-running pinch point on an oily rig floor,Worker slipped into the sheave during function testing,The sheave was only partially guarded and slip control was ineffective,"The sheave could amputate or draw in a limb, causing fatal or permanently disabling injury",Function testing left moving equipment accessible where a slip could place the worker into its pinch point.,AI_SOL_XHIGH_PASS_C
OSHA-SIR-2021020886,SIF_POTENTIAL,0.91,Hot water and steam condensate beneath unstable ground,Worker fell through the surface into the hot liquid and steam,"Ground integrity, opening protection, and thermal isolation were ineffective","Greater immersion or steam exposure could cause deep burns, shock, or fatal injury",Surface failure placed the worker directly into a thermal hazard capable of permanent burn injury.,AI_SOL_XHIGH_PASS_C
OSHA-SIR-2016098830,UNCERTAIN,0.94,Unspecified hole in a vehicle work area,Worker stepped into the opening while moving items,"Hole depth, size, guarding, and surrounding hazards are not described","A deep opening could cause severe injury, but the stated facts do not establish that potential",The narrative lacks the geometry and barrier facts needed to judge whether this was a routine trip hazard or a SIF exposure.,AI_SOL_XHIGH_PASS_C
OSHA-SIR-2017065650,SIF_POTENTIAL,0.96,Unstable stacked skids used as a work platform beside pipeline hardware,Worker stood on the skids while operating a valve,The improvised platform shifted and no effective fall protection or stable footing was provided,"A fall onto pipeline flanges could cause permanent amputation, head trauma, or fatal injury",Unstable elevated footing beside rigid pipeline projections created credible life-altering fall and struck-against potential.,AI_SOL_XHIGH_PASS_C
OSHA-SIR-2021086483,SIF_POTENTIAL,0.77,Aggressive ram delivering an unexpected high-force impact,Worker was struck from behind while reading meters,Animal segregation or restraint did not protect the work area,"A ram attack could cause fatal head trauma, a disabling fracture, or a secondary fall","An uncontrolled large animal directly attacked a worker, making severe impact or knockdown injury credible.",AI_SOL_XHIGH_PASS_C
OSHA-SIR-2018032417,UNCERTAIN,0.82,Interpersonal physical violence,Two workers were directly engaged in an altercation,"The narrative gives no details on weapons, continued assault, location, or intervention controls","Severe head trauma can occur in an assault, but the event intensity and environment are not established","The occurrence of a fight is clear, but the facts are insufficient to determine credible fatal or life-altering potential.",AI_SOL_XHIGH_PASS_C
OSHA-SIR-2015107637,UNCERTAIN,0.98,Unspecified inhalation hazard,Worker was reportedly exposed by inhalation,"Agent, concentration, duration, atmosphere, and respiratory controls are not described","Some inhalants can be fatal, but credible severity cannot be determined without exposure facts","The narrative is too nonspecific to establish the hazard energy, failed barrier, or severe consequence pathway.",AI_SOL_XHIGH_PASS_C
OSHA-SIR-2019033190,SIF_POTENTIAL,0.97,High-torque hydraulic wrench movement,Worker's hand was at the wrench and fluid-end interface during adjustment,A second worker activated high torque before the first worker was clear; isolation and communication failed,Powered wrench movement could crush or amputate the hand or arm,Unexpected high-torque activation placed a worker directly in a severe mechanical pinch point.,AI_SOL_XHIGH_PASS_C
OSHA-SIR-20171211664,SIF_POTENTIAL,0.94,Stored elastic and impact energy in a 25-foot sucker rod,Ground worker held the rod end in its upward recoil path near the head,Coordinated load control failed when the other end was dropped,"The recoiling rod could cause fatal head trauma, eye loss, or permanent facial injury","A long rod recoiled toward a worker's head after loss of control, creating credible severe struck-by potential.",AI_SOL_XHIGH_PASS_C
OSHA-SIR-2016087087,SIF_POTENTIAL,0.85,Loaded chain wrench that fractured under force,Worker's hand was in the broken tool's release path,Tool integrity failed and the line of fire was not controlled,Sudden tool release could cause permanent hand injury or strike the head or eyes,Failure of a wrench under load released stored mechanical energy toward the worker.,AI_SOL_XHIGH_PASS_C
OSHA-SIR-2015010438,SIF_POTENTIAL,0.82,Moving powered wrench during a drill connection,Worker's hand was in the wrench strike and pinch zone,Hand separation and guarding did not prevent contact with the moving wrench,The wrench could permanently crush or amputate digits or the hand,"Powered connection equipment contacted a hand in its travel zone, supporting credible permanent impairment potential.",AI_SOL_XHIGH_PASS_C
OSHA-SIR-2016098738,SIF_POTENTIAL,0.98,Hydraulic torque-wrench head energized at 2800 psi,Worker used both hands to position the wrench head while a coworker held the remote,The wrench was activated before hands were clear; isolation and communication controls failed,High-pressure torque motion could crush or amputate the hand or arm,"Remote activation of a high-torque head during manual positioning created a direct, high-energy pinch exposure.",AI_SOL_XHIGH_PASS_C
OSHA-SIR-2015042463,UNCERTAIN,0.86,Sharp brush wire and a contaminated wound,The employee contacted the wire and infection spread into the arm,Contact prevention and wound-control details are not described,"A severe infection is possible, but fatal or permanently disabling progression is not established","The narrative gives an infection outcome but too little about the wire mechanism, contamination, or failed controls to determine SIF potential.",AI_SOL_XHIGH_PASS_C
OSHA-SIR-20161010261,UNCERTAIN,0.82,Mechanical pinch or shear at screw casings and tongs,The employee's fingertip was in the working interface,Hand-clearance and tool-control details are not provided,A localized digit injury is credible; broader life-altering trauma depends on unreported energy,"The pinch exposure is clear, but equipment energy and safeguarding are too vague to decide whether credible SIF potential existed.",AI_SOL_XHIGH_PASS_C
OSHA-SIR-2017054820,SIF_POTENTIAL,0.96,A swung sledgehammer carrying high impact energy,The employee holding the wrench was inside the hammer strike arc,Worker positioning and strike coordination failed,A head or torso strike could cause fatal or permanently disabling trauma,"The hammer entered an occupied strike zone, so the same uncontrolled swing credibly could have hit a vital body area.",AI_SOL_XHIGH_PASS_C
OSHA-SIR-20181010483,UNCERTAIN,0.78,Blunt-force violence during a physical fight,The employee was directly exposed to another person's force,"Violence-prevention controls, weapons, and the manner of assault are not described","Serious head or body trauma is possible, but the event's lethal energy is not established","A fight is documented, but the means and intensity are too sparse to determine credible fatal or life-altering potential.",AI_SOL_XHIGH_PASS_C
OSHA-SIR-2019066117,SIF_POTENTIAL,0.97,Winch pinch and entanglement energy,The employee's fingers entered the operating winch zone,"Guarding, isolation, or hands-clear control did not prevent contact",The winch could draw in a hand or arm and cause major amputation or fatal trauma,Direct contact with a powered winch and absent effective separation support credible severe draw-in consequences.,AI_SOL_XHIGH_PASS_C
OSHA-SIR-2015031447,UNCERTAIN,0.99,An unspecified rig-down hazard,"The employee's left index finger was exposed, but the mechanism is not reported",No failed or absent control can be identified from the narrative,Fatal or life-altering potential cannot be established without the energy source or event mechanism,"The record states only that a finger was injured while rigging down, which is insufficient for a potential-based judgment.",AI_SOL_XHIGH_PASS_C
OSHA-SIR-2015010023,UNCERTAIN,0.86,"An unspecified thermal, chemical, or process-release hazard during line tie-in",The employee was exposed closely enough to sustain burns,"Isolation, ignition control, containment, and PPE performance are not described","A major burn or fire is possible, but the magnitude and mechanism are unknown","Burns during line tie-in suggest hazardous energy, yet the narrative lacks the release source and control failure needed for a binary decision.",AI_SOL_XHIGH_PASS_C
OSHA-SIR-2015031116,UNCERTAIN,0.99,Unknown energy or mechanism,"The employee suffered an arm injury, but the exposure circumstances are absent",No barrier or control information is provided,"The stated outcome is severe, but credible event potential cannot be assessed from outcome alone","Because the narrative supplies no hazard, exposure pathway, or barrier failure, it cannot support a potential label.",AI_SOL_XHIGH_PASS_C
OSHA-SIR-2017010232,SIF_POTENTIAL,0.89,A moving vehicle colliding with a fixed object,The employee was driving and occupied the vehicle during impact,Vehicle path or control was lost,"A fixed-object collision can cause fatal head, chest, or crush trauma",The driver was directly exposed to vehicle kinetic energy after control failed and the vehicle struck a rigid hydrant.,AI_SOL_XHIGH_PASS_C
OSHA-SIR-2022010896,SIF_POTENTIAL,0.92,ATV or UTV crash and possible rollover energy,The employee was operating the vehicle during the accident,Vehicle stability or control failed,"Rollover, ejection, or collision could cause fatal or permanently disabling trauma",An uncontrolled ATV or UTV event directly exposes its operator to well-supported severe crash mechanisms.,AI_SOL_XHIGH_PASS_C
OSHA-SIR-2015010569,SIF_POTENTIAL,0.88,A fall of about six feet from a fixed ladder,The employee was climbing and fell to the ground,Footing and effective fall prevention were lost or absent,A head or spinal impact from this height could be fatal or permanently disabling,"The documented elevated fall, direct exposure, and loss of footing support credible severe fall consequences.",AI_SOL_XHIGH_PASS_C
OSHA-SIR-2015010720,NON_SIF_POTENTIAL,0.81,A short tethered fall and contact with derrick equipment,The employee was struck in the mouth and fell about three feet,"Footing was lost, but the attached lanyard arrested the fall",Facial or back injury is credible; the working barrier limited the fall and no greater energy release is described,"The narrative describes a limited fall with the fall-arrest barrier engaged, not a credible unmitigated fatal or life-altering exposure.",AI_SOL_XHIGH_PASS_C
OSHA-SIR-2015064201,SIF_POTENTIAL,0.94,A fall from a truck onto a hard metal ramp,The employee stood and reached from the elevated truck surface,No effective edge protection or fall restraint prevented the fall,"Head, spinal, pelvic, or other permanently disabling trauma is credible",An unprotected elevated work position over a hard obstruction created a credible severe-impact fall.,AI_SOL_XHIGH_PASS_C
OSHA-SIR-2017010402,SIF_POTENTIAL,0.96,Collapse of an unstable rack supported on jack stands,The employee was on top of the rack while it was being leveled,The rack was unlevel and its temporary support did not remain stable,The employee could be fatally crushed or sustain disabling fall trauma,Working on an unstable supported structure while its support was adjusted exposed the employee to collapse and crush energy.,AI_SOL_XHIGH_PASS_C
OSHA-SIR-2015041930,SIF_POTENTIAL,0.98,Stored pressure in pipework plus a six-foot emergency jump,The employee was breaking pipe joints on the elevated rig floor,"Pressure isolation was not verified, and the employee escaped by jumping","A pressure release could cause fatal strike or injection trauma, while the jump could cause disabling injury",Audible pressure during joint breaking shows uncontrolled stored energy with direct exposure and an evasive fall.,AI_SOL_XHIGH_PASS_C
OSHA-SIR-20190910175,SIF_POTENTIAL,0.85,Unintended golf-cart acceleration and vehicle pinning energy,A pedestrian stood in the cart's approach path and was struck against a skid plate,The welding box was unsecured and obstructed the accelerator,Crushing against the skid or a head impact could cause fatal or permanently disabling injury,An unsecured load caused uncontrolled vehicle movement into an exposed pedestrian and a fixed surface.,AI_SOL_XHIGH_PASS_C
OSHA-SIR-20181010424,SIF_POTENTIAL,0.82,Motorized go-cart collision energy,The employee was driving the go-cart when it struck a parked vehicle,Vehicle control failed during testing,"A fixed-object crash can produce fatal head, chest, or spinal trauma","The operator was directly exposed to an uncontrolled motor-vehicle impact, supporting credible severe crash consequences.",AI_SOL_XHIGH_PASS_C
OSHA-SIR-2015075247,NON_SIF_POTENTIAL,0.94,Running and an unexplained physical collapse,The employee was running while carrying a pushing rod,No hazardous energy or critical control failure is identified,"A same-level collapse or strain is plausible, but no credible SIF mechanism is supported",The narrative identifies neither substantial energy nor a failed barrier that could reasonably produce fatal or life-altering harm.,AI_SOL_XHIGH_PASS_C
OSHA-SIR-2017088097,SIF_POTENTIAL,0.95,Accessible rotating welder fan blades,"After slipping, the employee's hand entered beneath the cowling while the fan was running",Machine guarding or energy isolation did not prevent access to moving blades,"The hand or arm could be drawn in, causing major amputation or permanently disabling trauma","Live rotating parts remained reachable during an unplanned hand placement, demonstrating ineffective separation from dangerous machinery.",AI_SOL_XHIGH_PASS_C
OSHA-SIR-2015010807,SIF_POTENTIAL,0.92,High-pressure and contaminated water jet energy,"After slipping, the employee contacted the live wand and the jet reached the leg",Control and separation from the pressurized jet were lost,"Injection injury, deep tissue destruction, limb loss, or severe infection is credible",Direct exposure to an uncontrolled pressure-washing jet supports life-altering injection and tissue-damage potential.,AI_SOL_XHIGH_PASS_C
OSHA-SIR-2017065482,SIF_POTENTIAL,0.98,A rotating table-saw blade,The employee reached into the blade area to remove stuck scrap,"The jam was addressed without effective isolation, and the guard did not prevent hand access",Major hand or arm amputation and permanently disabling trauma are credible,"A hand entered an energized saw-blade zone after material jammed at the guard, showing critical separation failure.",AI_SOL_XHIGH_PASS_C
OSHA-SIR-20191111472,UNCERTAIN,0.97,An unidentified object or event causing head contact,"The employee's head contacted something in the office, but how is unknown",The mechanism and any failed control are not reported,"Serious head trauma is possible, but the credible energy and pathway cannot be established",An outcome is stated without enough event facts to distinguish an ordinary bump from a SIF-capable mechanism.,AI_SOL_XHIGH_PASS_C
OSHA-SIR-2015031018,UNCERTAIN,0.85,A damaged leaking pipeline and unstable soil beside a shallow trench,The evaluator crossed near the leak and the trench edge gave way,The pipeline was damaged and excavation-edge stability was not maintained,"A hazardous release could be severe depending on contents, while the described shallow fall alone is not clearly SIF-capable","The record establishes a leak and ground failure but omits pipeline contents, pressure, atmosphere, and collapse extent needed for a binary judgment.",AI_SOL_XHIGH_PASS_C
OSHA-SIR-2021108821,SIF_POTENTIAL,0.86,A heavy moving truck undergoing a sudden drop on rough terrain,The driver was inside when the vehicle hit a pothole and dropped,Road-condition management or vehicle control did not prevent the severe jolt,"Loss of control, rollover, or disabling spinal trauma is credible","A moving heavy vehicle encountered terrain sufficient to cause a sudden drop, directly exposing the driver to substantial crash and spinal energy.",AI_SOL_XHIGH_PASS_C
OSHA-SIR-2015063456,SIF_POTENTIAL,0.99,A pipe wrench swept by a rotating bore,The employee remained within the wrench's rotation and strike path,The wrench was not removed and pre-start clearance failed,A propelled wrench could cause fatal head or torso trauma or major amputation,Starting the bore with a large wrench attached converted it into a high-energy striking object in an occupied area.,AI_SOL_XHIGH_PASS_C
OSHA-SIR-2019043400,SIF_POTENTIAL,0.96,A pump plunger propelled by stored mechanical energy,The employee holding the flashlight stood in the plunger's line of fire,Pry-bar control and line-of-fire separation failed,A projectile strike to the head or body could be fatal or permanently disabling,"The slipped bar released the plunger toward an exposed coworker, demonstrating uncontrolled projectile energy.",AI_SOL_XHIGH_PASS_C
OSHA-SIR-2016043296,SIF_POTENTIAL,0.97,Collapse of a jack-supported vehicle or tire assembly,The employee's hands were beside or under the supported load,The jack collapsed and no effective secondary support is evident,A larger body exposure could result in fatal crushing or major amputation,Failure of the primary lifting support while a worker was at the load created credible whole-body crush potential.,AI_SOL_XHIGH_PASS_C
OSHA-SIR-20171110965,SIF_POTENTIAL,0.94,An unstable metal platform supported on temporary stands,The employee worked immediately beside the supported platform while striking its shim,The shim dislodged and the temporary support lost stability,The falling platform could crush a limb or body and cause fatal or permanently disabling injury,Adjusting a support shim under load allowed the platform to drop into the worker's occupied space.,AI_SOL_XHIGH_PASS_C
OSHA-SIR-2015042210,UNCERTAIN,0.78,A falling fusion pipe,The employee's hand was beneath or adjacent to the falling pipe,"Load control failed, but pipe weight, height, and handling method are not described",Consequences could range from a localized hand injury to severe crush trauma,"The falling-load exposure is clear, but missing mass and drop details prevent a reliable SIF-potential determination.",AI_SOL_XHIGH_PASS_C
OSHA-SIR-2021087009,SIF_POTENTIAL,0.9,Rapid movement of a heavy forklift fork,The employee manually pushed the fork with a hand in the pinch zone,Controlled adjustment or retention did not prevent the fork from sliding,The fork could crush a hand or limb and cause permanently disabling injury,A heavy component moved unexpectedly while the employee was manually positioned at its trapping point.,AI_SOL_XHIGH_PASS_C
OSHA-SIR-2015129170,SIF_POTENTIAL,0.88,A heavy flow-iron section dropping after sudden release,The employee supported the pipe by hand above a bumper pinch point,Mechanical support and controlled separation were absent,"A severe hand, foot, or limb crush with permanent impairment is credible",The heavy pipe was manually supported and dropped unpredictably into an occupied pinch zone.,AI_SOL_XHIGH_PASS_C
OSHA-SIR-2021075939,SIF_POTENTIAL,0.92,A moving and bouncing heavy tubing joint,The ground employee grabbed and slid the tubing beside the floor pinch point,Hands-on handling and separation from the moving joint were ineffective,"A limb could be crushed or amputated, causing permanent disability",Repeated manual contact with bouncing tubing placed the worker directly in a high-energy crush zone.,AI_SOL_XHIGH_PASS_C
OSHA-SIR-2015030582,SIF_POTENTIAL,0.91,Multiple pipes slipping from a lift,The employee's hands were within the falling-load zone,Load control failed during lifting,"The pipes could crush a limb or strike the body, causing fatal or permanently disabling trauma","An uncontrolled pipe load fell into the worker's occupied space, supporting severe crush potential.",AI_SOL_XHIGH_PASS_C
OSHA-SIR-20161211319,SIF_POTENTIAL,0.9,A pipe being lowered into a hole,The employee guided the moving pipe by hand at its pinch interface,Hands-free positioning and exclusion from the pinch zone were absent,The moving pipe could crush or amputate a hand or limb,Direct manual guidance during lowering exposed the worker to uncontrolled load and trapping energy.,AI_SOL_XHIGH_PASS_C
OSHA-SIR-2018066035,SIF_POTENTIAL,0.95,A heavy joint rolling freely in its cradle,The employee's hand was between the joint and the work platform,"A required brace was missing, so the joint was not restrained",The rolling load could crush a limb or body and cause permanent or fatal injury,The explicit missing brace allowed a heavy joint to continue rolling into an occupied pinch point.,AI_SOL_XHIGH_PASS_C
OSHA-SIR-2015118874,SIF_POTENTIAL,0.97,Collapse of a work platform followed by a rolling pipe,The employee was on the platform and in the pipe's path,The supporting platform failed,The combined fall and pipe crush could cause fatal or permanently disabling trauma,Structural collapse released both fall and rolling-load energy onto the exposed worker.,AI_SOL_XHIGH_PASS_C
OSHA-SIR-20181010628,SIF_POTENTIAL,0.94,An approximately 300-pound pipe rolling on a cart,The employee's hand was at the cart-rail pinch point,The pipe was not effectively restrained from rolling,The load could crush a limb or body and cause permanent or fatal injury,A heavy unrestrained pipe moved unexpectedly into an occupied trapping point.,AI_SOL_XHIGH_PASS_C
OSHA-SIR-2016010758,SIF_POTENTIAL,0.98,Stored tension in barbed wire pulled by a backhoe,A nearby employee stood in the released wire's strike path,Exclusion and separation from the tensioned wire failed,A whipping wire strike to the head or neck could be fatal or permanently disabling,"Powered equipment tensioned and released wire into an occupied area, creating a high-energy line-of-fire event.",AI_SOL_XHIGH_PASS_C
OSHA-SIR-2018054484,SIF_POTENTIAL,0.99,A hoist-lowered casing pipe and crushing pinch point,The employee's hand rested on one pipe while another was lowered onto it,"Communication, exclusion, and hands-free handling controls failed","The suspended pipe could crush a limb or body, causing fatal or permanent injury",An exposed worker remained at the interface of a hoisted pipe while the operator lowered it.,AI_SOL_XHIGH_PASS_C
OSHA-SIR-2016076909,SIF_POTENTIAL,0.93,A heavy rig-floor wing falling during setup,The employee's hand and body were in the component's drop zone,The component depended on manual grip and lacked effective support when grip was lost,The falling wing could crush a limb or the worker's body,An unsupported heavy component fell directly into an occupied area after manual control was lost.,AI_SOL_XHIGH_PASS_C
OSHA-SIR-2020021385,SIF_POTENTIAL,0.98,A heavy blowout preventer shifting unexpectedly,The employee stood beside the preventer while removing its tagline,Stable support was not assured before the tagline was detached,The preventer could cause fatal whole-body crushing or permanent limb loss,"A very heavy component shifted after its control line was removed, directly exposing the nearby worker.",AI_SOL_XHIGH_PASS_C
OSHA-SIR-2018032710,SIF_POTENTIAL,0.79,A moving shock-sub component on the rig floor,The employee's foot was in the component's contact zone,Control and securement of the component did not prevent the strike,A heavy component could cause severe limb crush and permanent impairment,"The industrial component entered an occupied foot zone; although movement details are sparse, credible disabling crush energy is supported.",AI_SOL_XHIGH_PASS_C
OSHA-SIR-2020076617,SIF_POTENTIAL,0.95,A moving gate and roller pinch point,The employee's hand entered the roller while manually releasing a caught chain,"The keypad was disabled, the drive chain was unhooked, and movement was not secured during intervention","The roller or moving gate could cause major amputation, entrapment, or disabling crush trauma",Disabled controls and unsecured manual movement exposed the worker directly to the gate's trapping mechanism.,AI_SOL_XHIGH_PASS_C
OSHA-SIR-20171010045,SIF_POTENTIAL,0.98,A heavy vee-door swinging free from a catwalk,The employee's hand and body were in the swing and crush zone,"The vee-door was not secured, and movement coordination did not protect the worker",The swinging component could cause fatal body crush or permanent limb injury,The door shook free during powered positioning and swung into an occupied area.,AI_SOL_XHIGH_PASS_C
OSHA-SIR-20171212120,SIF_POTENTIAL,0.97,A heavy pipe rolling while manipulated by a forklift,The employee remained close enough for the pipe to crush the hand,Load control and worker exclusion from the forklift operation failed,The rolling pipe could crush a limb or body and cause fatal or permanent injury,Powered manipulation released a heavy pipe into an occupied line-of-fire area.,AI_SOL_XHIGH_PASS_C
OSHA-SIR-2018099398,SIF_POTENTIAL,0.96,A shifting pipe roller in a moving truck bed,The employee rode in the cargo area alongside the load,Passenger segregation and load securement were ineffective or absent,"The worker could be crushed by the load or ejected, causing fatal or permanently disabling trauma",Riding with a shifting load in a moving vehicle combined transport and crush exposure without effective separation.,AI_SOL_XHIGH_PASS_C
OSHA-SIR-2016021254,SIF_POTENTIAL,0.95,Unexpected movement of a powered trencher stinger against a fence,The spotter's hand was on the fence beside the moving attachment,Exclusion from the attachment's travel and line-of-fire control failed,"The attachment could crush, impale, or strike a vital body area with fatal or permanent consequences",The powered stinger bounced and traveled along the fence into the spotter's occupied space.,AI_SOL_XHIGH_PASS_C
OSHA-SIR-2015118721,UNCERTAIN,0.89,An uncovered hole of unspecified depth and geometry,The employee stepped into the opening,The hole was left uncovered or unguarded,"Consequences could range from a minor misstep to a severe fall, depending on unreported depth","The barrier failure is clear, but missing hole dimensions and fall details prevent a credible SIF-potential determination.",AI_SOL_XHIGH_PASS_C
