incident_id,source,source_record_id,narrative,activity,source_native_outcome,sif_label,annotation_status,label_provenance,annotation_version,duplicate_group,normalized_narrative_sha256,model_input_allowlist,split
OSHA-SIR-2015010054,OSHA_SIR,2015010054,Employee was descending a work over rig derrick via a ladder when he fell a distance. Employee suffered a lacerated spleen and fractured hip and shoulder.,"Other fall to lower level, unspecified",Hospitalized=1.00; Amputation=0.00; Loss of Eye=0.00,SIF_POTENTIAL,retained_teammate_label,teammate_manual_label,sif-label-review-v0.2.0,osha-text-c94c2fd251fb,c94c2fd251fb8eed1122eef647d89d2cf9eebb7ffb2971322785926010a85257,narrative,development
OSHA-SIR-2015010181,OSHA_SIR,2015010181,An employee slipped on a step and fell forward injuring both knees.,"Fall on same level due to tripping, unspecified",Hospitalized=1.00; Amputation=0.00; Loss of Eye=0.00,NON_SIF_POTENTIAL,retained_teammate_label,teammate_manual_label,sif-label-review-v0.2.0,osha-text-16c180254e0d,16c180254e0d174cb8bce588e8a42d6e38ce50f7dd52286f6de602dffcb86a50,narrative,development
OSHA-SIR-2015010253,OSHA_SIR,2015010253,"Employee was on the side of the derrick untying tubular when his fast line became caught up in his SRL. The employee was pulled away from the ladder. The SRL stopped and so did the anchor. Therefore, no fall resulted. The employee received contusions to the head, ribs, and chest area. He also suffered bruising to the brain and lungs and received six stitches to the forehead. He did not lose consciousness.",Fall or jump curtailed by personal fall arrest system ,Hospitalized=1.00; Amputation=0.00; Loss of Eye=0.00,SIF_POTENTIAL,retained_teammate_label,teammate_manual_label,sif-label-review-v0.2.0,osha-text-6cdaf100604d,6cdaf100604d0cb6f478c1bf6fcc23f4b284cee3f5b34cdff8047f388fe06e9e,narrative,development
OSHA-SIR-2015010261,OSHA_SIR,2015010261,"On 01/08/15, employee suffered an amputation of the left index finger while operating a mulch machine at a well site.","Contact with objects and equipment, unspecified",Hospitalized=0.00; Amputation=1.00; Loss of Eye=0.00,SIF_POTENTIAL,corrected_supported_secondary_review,teammate_manual_plus_ai_assisted_secondary_review,sif-label-review-v0.2.0,osha-text-1d573a7453a2,1d573a7453a276d78c5b07cc2d953f92b8915f77af98bb8fba6ded484130c576,narrative,development
OSHA-SIR-2015010399,OSHA_SIR,2015010399,"The employee was attempting to rig a steel beam with a chain sling and overhead crane. While attempting to rig this elevated beam, it fell towards the employee. The employee tried to brace/stop the beam with his hand and the fore of the beam pushed him back, striking his face and chest as well, knocking him into another steel beam. The employee was admitted to the hospital with a broken wrist. Surgery was performed to correct the injury to the employee's wrist. The injury occurred in the Welding/Fabrication shop.","Struck by swinging or slipping object, other than handheld, n.e.c.",Hospitalized=1.00; Amputation=0.00; Loss of Eye=0.00,SIF_POTENTIAL,accepted_ai_assisted_binary,existing_ai_assisted_consensus_v0_1,existing-ai-consensus-v0.1,osha-text-2efe1474ec78,2efe1474ec78f5f68db198f4461ae9e46e930e16f92d3c3070d001a5038ddd94,narrative,development
OSHA-SIR-2015010417,OSHA_SIR,2015010417,"On January 13, 2015, the employees were in the process of changing a heater treater tube. The leaking fluid ignited causing severe burn injuries. One employee was sent to the Minnesota burn unit.","Ignition of vapors, gases, or liquids",Hospitalized=1.00; Amputation=0.00; Loss of Eye=0.00,SIF_POTENTIAL,corrected_supported_secondary_review,teammate_manual_plus_ai_assisted_secondary_review,sif-label-review-v0.2.0,osha-text-f866c5d8415b,f866c5d8415bbdd07d13e77e47e3b456231b0676aa14ed9d2d05f5c83e2f0398,narrative,development
OSHA-SIR-2015010522,OSHA_SIR,2015010522,Employee received an electric shock when he placed his wrench near an energized bolt on a conductor he was removing.,"Indirect exposure to electricity, unspecified",Hospitalized=1.00; Amputation=0.00; Loss of Eye=0.00,SIF_POTENTIAL,corrected_supported_secondary_review,teammate_manual_plus_ai_assisted_secondary_review,sif-label-review-v0.2.0,osha-text-6196be16fabf,6196be16fabfee2274a84459a082d8b59c731d5150e00782735860a858e0a48c,narrative,development
OSHA-SIR-2015010658,OSHA_SIR,2015010658,At 9:00AM an employee was working on an oil field energy services tanker removing a camlock cap. Pressure was on the cap when it was removed. It blew off and struck the employee in the face injuring his jaw and damaging his teeth. The employee was transferred to different hospitals before receiving treatment. The employee was hospitalized one night in Bismarck.,"Struck by dislodged flying object, particle",Hospitalized=1.00; Amputation=0.00; Loss of Eye=0.00,SIF_POTENTIAL,corrected_supported_secondary_review,teammate_manual_plus_ai_assisted_secondary_review,sif-label-review-v0.2.0,osha-text-bc36b2b11822,bc36b2b11822d82fff23b28f642a7de150fdad44c348f66f9c21496cffd37bf8,narrative,development
OSHA-SIR-2015010700,OSHA_SIR,2015010700,"On January 22, 2015, an employee was hospitalized after falling 12 feet to the ground through a 2' x 3' opening in a centrifuge stand.",Fall through surface or existing opening 11 to 15 feet ,Hospitalized=1.00; Amputation=0.00; Loss of Eye=0.00,SIF_POTENTIAL,corrected_supported_secondary_review,teammate_manual_plus_ai_assisted_secondary_review,sif-label-review-v0.2.0,osha-text-d15a7ffa5eea,d15a7ffa5eea0eb192f9667e1e4518404514aba0569562df0970b75be8daa2e8,narrative,development
OSHA-SIR-2015010720,OSHA_SIR,2015010720,"An employee was on the stabbing board to hang the tong line. He unhooked the derrick climber from his harness and when he let go of it he was hit in the mouth, lost his footing, and fell even though his lanyard was attached. His face hit the standpipe of the derrick and the 3 foot fall injured his back.",Other fall to lower level less than 6 feet,Hospitalized=1.00; Amputation=0.00; Loss of Eye=0.00,NON_SIF_POTENTIAL,retained_teammate_label,teammate_manual_label,sif-label-review-v0.2.0,osha-text-174ab5e0617f,174ab5e0617f7b27e8dd4c1f5b7c5daf948e72a0b5ccfc818d634e02a63f3548,narrative,development
OSHA-SIR-2015010736,OSHA_SIR,2015010736,Employee was working on a can wrench without the lock out/tag out system in place. The jaws of the machine opened and retracted smashing and amputating the tip of the middle finger on his left hand.,Caught in running equipment or machinery during regular operation,Hospitalized=0.00; Amputation=1.00; Loss of Eye=0.00,SIF_POTENTIAL,retained_teammate_label,teammate_manual_label,sif-label-review-v0.2.0,osha-text-6dba075723d0,6dba075723d078cfee049c340a3d2b966ebf3cdae600c9519bd9a6e41bcda68f,narrative,development
OSHA-SIR-2015020241,OSHA_SIR,2015020241,An employee put a valve into the hole of an oil well as part of the process to plug the well. Pressure built up behind the valve causing it to explode out of the hole. One of the employee's legs was severely injured and is being medically amputated.,"Struck by dislodged flying object, particle",Hospitalized=1.00; Amputation=1.00; Loss of Eye=0.00,SIF_POTENTIAL,retained_teammate_label,teammate_manual_label,sif-label-review-v0.2.0,osha-text-9aade0235efb,9aade0235efb73ac4ac519a11cd03fe79e8df9df5243ad7965797a38233a9760,narrative,development
OSHA-SIR-2015021361,OSHA_SIR,2015021361,"An employee tripped and fell to the ground. The employee landed on his knees in a pile of hot petroleum coke. The employee sustained burns on both legs from the coke, and possibly the hot steam. The employee was taken by ambulance to Christiana Hospital, and later transferred to Crozer-Chester Medical Center in Chester, Pennsylvania. The employee sustained 2nd degree burns on his legs, and 3rd degree burns on his ankles.","Fall on same level due to tripping, n.e.c.",Hospitalized=1.00; Amputation=0.00; Loss of Eye=0.00,SIF_POTENTIAL,retained_teammate_label,teammate_manual_label,sif-label-review-v0.2.0,osha-text-fd3fcc259fcb,fd3fcc259fcb5c78019031e03768e29f9a98dc542a093667a460904f03d1dd2a,narrative,development
OSHA-SIR-2015041924,OSHA_SIR,2015041924,"An employee was performing cementing operations on a drilling rig. While using an air hoist to hoist a cement plug over a pipe, his thumb got caught between the ""wing"" of the plug and the plug itself. He sustained an amputation to the left-hand thumb up to the knuckle.",Compressed or pinched by shifting objects or equipment,Hospitalized=1.00; Amputation=1.00; Loss of Eye=0.00,SIF_POTENTIAL,retained_teammate_label,teammate_manual_label,sif-label-review-v0.2.0,osha-text-6afb6f18a977,6afb6f18a977749c402518884cd922b96b04cc8d4785d1b6529f1aa576eadaca,narrative,development
OSHA-SIR-2015041925,OSHA_SIR,2015041925,"On or about 11 April 2015, at approximately 0830 hours, a Brazos Rock Energy employee received burns on his wrist and face when flammable gasses that accumulated during a pipeline hot tap ignited. The employee was helping a welder weld the pipe sections together when two pin-sized holes on a section of pipe 10 feet from the operation leaked flammable gasses into the pipe and surrounding area. The gasses accumulated to a level sufficient enough to cause a flash fire, which burned the employee.","Ignition of vapors, gases, or liquids",Hospitalized=1.00; Amputation=0.00; Loss of Eye=0.00,SIF_POTENTIAL,corrected_supported_secondary_review,teammate_manual_plus_ai_assisted_secondary_review,sif-label-review-v0.2.0,osha-text-931363a8d2a4,931363a8d2a4f4c62013ecbb2cca2798f66887e0c2eaee718ff522403a38ef82,narrative,development
OSHA-SIR-2015041930,OSHA_SIR,2015041930,An employee heard a hissing sound from pressure while breaking pipe joints. He then jumped from the rig floor six feet above ground and broke his leg when he landed.,Other jump to lower level 6 to 10 feet,Hospitalized=1.00; Amputation=0.00; Loss of Eye=0.00,SIF_POTENTIAL,corrected_supported_secondary_review,teammate_manual_plus_ai_assisted_secondary_review,sif-label-review-v0.2.0,osha-text-2977915dc685,2977915dc685c3db502480d720a7033b8c7453a83eef85443f9a7772b573a139,narrative,development
OSHA-SIR-2015042100,OSHA_SIR,2015042100,An employee received a head injury when a pressurized line came apart.,"Contact with objects and equipment, unspecified",Hospitalized=1.00; Amputation=0.00; Loss of Eye=0.00,SIF_POTENTIAL,retained_teammate_label,teammate_manual_label,sif-label-review-v0.2.0,osha-text-923a4a93fbeb,923a4a93fbeb35ebb72ab6c61c37defa166c131e0a626156ee0201108635e958,narrative,development
OSHA-SIR-2015052903,OSHA_SIR,2015052903,"An employee's arm got caught in conveyor belt guide rollers while troubleshooting the equipment, resulting in hospitalization.","Caught in running equipment or machinery during maintenance, cleaning ",Hospitalized=1.00; Amputation=0.00; Loss of Eye=0.00,SIF_POTENTIAL,retained_teammate_label,teammate_manual_label,sif-label-review-v0.2.0,osha-text-1b4221b0f9a2,1b4221b0f9a2132d25cd65256bb4096d6abf32021cd503f41097ee5895f2acd6,narrative,development
OSHA-SIR-2015074428,OSHA_SIR,2015074428,"An employee got caught between a trailer and truck while directing the truck driver to back up. The employee's leg was crushed, and the employee was hospitalized.",Pedestrian struck by vehicle backing up in nonroadway area,Hospitalized=1.00; Amputation=0.00; Loss of Eye=0.00,SIF_POTENTIAL,retained_teammate_label,teammate_manual_label,sif-label-review-v0.2.0,osha-text-ba548a7e2a2f,ba548a7e2a2f8782ab97f4d4f17a9f274dccbe1a577885abe1aa19dd362ecf99,narrative,development
OSHA-SIR-2015085625,OSHA_SIR,2015085625,"During pipeline construction and while stringing pipe, a track hoe operator was unloading pipe from a delivery truck when an employee walked behind the track hoe on the operator's blind side. The track hoe backed up onto the employee's left foot amputating it.",Pedestrian struck by vehicle backing up in nonroadway area,Hospitalized=0.00; Amputation=1.00; Loss of Eye=0.00,SIF_POTENTIAL,retained_teammate_label,teammate_manual_label,sif-label-review-v0.2.0,osha-text-8bf79a1ef2b6,8bf79a1ef2b61812cdad08fb62b034ef6932ab86d2fbba4c2ce55185ed9efd65,narrative,development
OSHA-SIR-2015096294,OSHA_SIR,2015096294,An employee was bitten by a rattlesnake.,Stings and venomous bites,Hospitalized=1.00; Amputation=0.00; Loss of Eye=0.00,SIF_POTENTIAL,retained_teammate_label,teammate_manual_label,sif-label-review-v0.2.0,osha-near-226c05375b5a,be660e831dcc05b431b6999cf055d42a0bdb4b72b7a8562eb4cab59e9b7a4a24,narrative,development
OSHA-SIR-2015118264,OSHA_SIR,2015118264,"An employee removed a blow out preventer (BOP) from a well head. The BOP was suspended by the rig. While suspended, the BOP started rotating catching the employee's left ring fingertip between the BOP and the stationary well head resulting in amputation.","Struck by swinging or slipping object, other than handheld, n.e.c.",Hospitalized=0.00; Amputation=1.00; Loss of Eye=0.00,SIF_POTENTIAL,accepted_ai_assisted_binary,existing_ai_assisted_consensus_v0_1,existing-ai-consensus-v0.1,osha-text-2258c4516135,2258c4516135b654fef271f0205eb990c2ccf1110b26b0af0a0fccfeb901601f,narrative,development
OSHA-SIR-2015118789,OSHA_SIR,2015118789,"Two maintenance employees were troubleshooting a switch gear at an unmanned pipeline compressor station when an arc flash occurred. One employee was hospitalized after receiving burns on his hands and face. Another employee was treated, but was not hospitalized.","Direct exposure to electricity, unspecified",Hospitalized=1.00; Amputation=0.00; Loss of Eye=0.00,SIF_POTENTIAL,retained_teammate_label,teammate_manual_label,sif-label-review-v0.2.0,osha-text-9a313e9153b8,9a313e9153b85bb990badb79470fcb066e6a6dd93c34733cd8aebd5976e203f0,narrative,development
OSHA-SIR-2015118874,OSHA_SIR,2015118874,"An employee was welding two sections of pipe on top of a skid platform. The skid platform (2 feet high) collapsed, and the pipe rolled onto the employee's lower leg, fracturing the right ankle. The employee was hospitalized overnight.",Struck by object or equipment rolling freely,Hospitalized=1.00; Amputation=0.00; Loss of Eye=0.00,SIF_POTENTIAL,retained_teammate_label,teammate_manual_label,sif-label-review-v0.2.0,osha-text-a641dbb33aa0,a641dbb33aa04e9df688d072c17fc07884735cecd987ee7f823d5367004360a0,narrative,development
OSHA-SIR-2016010251,OSHA_SIR,2016010251,"An employee was performing gouging operations on the internal surfaces of a vessel when a flash fire occurred. The employee received burns to the upper chest, arms, and legs (approximately 44% of body) and was hospitalized for treatment of burns and smoke inhalation.","Fire, unspecified",Hospitalized=1.00; Amputation=0.00; Loss of Eye=0.00,SIF_POTENTIAL,corrected_supported_secondary_review,teammate_manual_plus_ai_assisted_secondary_review,sif-label-review-v0.2.0,osha-text-2677307daaf7,2677307daaf79d975ae7ecd17c7b6e0417579af655bea4788fdef0028aa55277,narrative,development
OSHA-SIR-2016032350,OSHA_SIR,2016032350,An employee had replaced a clutch in a drive belt when he tripped on the concrete base and struck his left hand on the unit frame. His fingertip and a small amount of bone were amputated.,Fall on same level due to tripping over an object ,Hospitalized=0.00; Amputation=1.00; Loss of Eye=0.00,NON_SIF_POTENTIAL,retained_teammate_label,teammate_manual_label,sif-label-review-v0.2.0,osha-text-3cfe2d0681ee,3cfe2d0681ee08c0b49f78d3601f28e404cb2f5e77f63d1c8c4e8a4a3411cdd1,narrative,development
OSHA-SIR-2016043242,OSHA_SIR,2016043242,"An employee was observing a pipe liner as it was being extended to the stationary steel pipe in the ground. The pipe liner was slightly offline, and the employee tried to manually guide it in place right as it was making contact with the pipe. The liner jerked up as he was leaning over it and it hit him in the chin with force. He suffered a chin laceration requiring 5 stitches and was knocked unconscious. Employee was hospitalized overnight.","Struck by object or equipment, n.e.c.",Hospitalized=1.00; Amputation=0.00; Loss of Eye=0.00,SIF_POTENTIAL,corrected_supported_secondary_review,teammate_manual_plus_ai_assisted_secondary_review,sif-label-review-v0.2.0,osha-text-5ae166aec14e,5ae166aec14eea7ecd784e5279965e93e87144748fa95270ac04c8afad9dee2e,narrative,development
OSHA-SIR-2016054654,OSHA_SIR,2016054654,"An employee climbed a ladder to assess the next level of a metal roof. He stepped on a shingle and fell 8 feet through the roof to the ground, breaking his right index finger, left middle finger, right hip, and back.",Fall through surface or existing opening 6 to 10 feet,Hospitalized=1.00; Amputation=0.00; Loss of Eye=0.00,SIF_POTENTIAL,corrected_supported_secondary_review,teammate_manual_plus_ai_assisted_secondary_review,sif-label-review-v0.2.0,osha-text-d58bc50e18af,d58bc50e18af1c79c898a5fa0cdfca9e417320f2f4857d45336ea2d987333501,narrative,development
OSHA-SIR-2016055851,OSHA_SIR,2016055851,"An employee was delivering parts when the employee's vehicle became stuck. As the employee attempted to dislodge the vehicle, the grass caught on fire and the employee fell approximately 6 to 8 feet into a ravine. The employee suffered a second degree burn to the left forearm, a broken rib, a punctured lung, and a broken collarbone.",Forest or brush fire,Hospitalized=1.00; Amputation=0.00; Loss of Eye=0.00,SIF_POTENTIAL,corrected_supported_secondary_review,teammate_manual_plus_ai_assisted_secondary_review,sif-label-review-v0.2.0,osha-text-40faf63d4d93,40faf63d4d933fa985bdc50d8cd1efa21716df165d37bfa5930449a29f120c73,narrative,development
OSHA-SIR-2016076909,OSHA_SIR,2016076909,"While conducting well-servicing operations, an employee was setting up the work floor of a workover rig. The employee slipped on loose dirt, causing him to lose his grip on the wing portion of the rig floor. The wing portion fell, landing on his left ring finger and amputating the fingertip.","Struck by object or equipment, unspecified",Hospitalized=0.00; Amputation=1.00; Loss of Eye=0.00,SIF_POTENTIAL,retained_teammate_label,teammate_manual_label,sif-label-review-v0.2.0,osha-text-e8091a90be83,e8091a90be83734a4a0094fc4b042b401acf96cb595f3dd6431027f2d78fc149,narrative,development
OSHA-SIR-2016109353,OSHA_SIR,2016109353,An employee fell into a hole that was 18 feet deep and was hospitalized with a broken nose and cheek and jaw injuries.,Fall through surface or existing opening 16 to 20 feet,Hospitalized=1.00; Amputation=0.00; Loss of Eye=0.00,SIF_POTENTIAL,corrected_supported_secondary_review,teammate_manual_plus_ai_assisted_secondary_review,sif-label-review-v0.2.0,osha-text-f4bc789dcd8d,f4bc789dcd8d0215f93b1e0d702f047d81cb1db3911a2cd415a96c6e6ac352e6,narrative,development
OSHA-SIR-2017010232,OSHA_SIR,2017010232,An employee was driving when his vehicle hit a fire hydrant. He injured his left knee.,"Nonroadway collision with object other than vehicle, n.e.c.",Hospitalized=1.00; Amputation=0.00; Loss of Eye=0.00,NON_SIF_POTENTIAL,retained_teammate_label,teammate_manual_label,sif-label-review-v0.2.0,osha-text-cfc2a22f4465,cfc2a22f446518f47ca0ba83ecf15915bc11b1b6b9baec640e07161121f0fc88,narrative,development
OSHA-SIR-2017021205,OSHA_SIR,2017021205,An employee was working in a six foot trench and suffered a fractured ankle when the trench caved in.,Excavation or trenching cave-in,Hospitalized=1.00; Amputation=0.00; Loss of Eye=0.00,SIF_POTENTIAL,corrected_supported_secondary_review,teammate_manual_plus_ai_assisted_secondary_review,sif-label-review-v0.2.0,osha-text-4e70d9bc5137,4e70d9bc51370ec30eb9e2ca2c05f5e3b7f7c4c438f8b92992e3364a2745badc,narrative,development
OSHA-SIR-2017021801,OSHA_SIR,2017021801,"An employee was standing next to a bore pipe observing the work. An excavator was being used to pull an auger bit out of the bore pipe. A chain was attached to the excavator to pull the auger sections. While the excavator was pulling the auger, the chain failed and whiplashed into the employee's face. The employee lost the left eye and suffered a right orbital socket fracture.","Struck by dislodged flying object, particle",Hospitalized=1.00; Amputation=0.00; Loss of Eye=1.00,SIF_POTENTIAL,retained_teammate_label,teammate_manual_label,sif-label-review-v0.2.0,osha-text-9985aed34863,9985aed348631ec9fefcf6d710c1180e12a4f89bda6432322811578963dda66b,narrative,development
OSHA-SIR-2017043721,OSHA_SIR,2017043721,"Employees were depressurizing a level bridle when the hose between the bridle and the flare system broke releasing hydrofluoric acid (HF). The two employees were exposed to the chemical vapor resulting in injury to their eyes, facial skin and lungs. Both employees were hospitalized.",Inhalation of harmful substance-single episode,Hospitalized=2.00; Amputation=0.00; Loss of Eye=0.00,SIF_POTENTIAL,retained_teammate_label,teammate_manual_label,sif-label-review-v0.2.0,osha-text-398b92bd85e1,398b92bd85e1c07124199e4ab4b8fce7644ad5da712308adf3e2c310d3646894,narrative,development
OSHA-SIR-2017054249,OSHA_SIR,2017054249,"An employee was re-erecting goal posts below a power line when the stringer of flags on one end of the goal posts became hung up on the passenger-side rear-view mirror of a haul truck. The injured employee was attempting to free the stringer of flags when a coworker raised a PVC pipe to place it over a t-post. The top of the PVC pole, where the stringer of flags was tied, came into contact with the overhead power line. The employee sustained burns to his left arm, left hand, and right foot. He was hospitalized for surgery.","Indirect exposure to electricity, greater than 220 volts",Hospitalized=1.00; Amputation=0.00; Loss of Eye=0.00,SIF_POTENTIAL,corrected_supported_secondary_review,teammate_manual_plus_ai_assisted_secondary_review,sif-label-review-v0.2.0,osha-text-3ac187e81406,3ac187e814068d407c4bf925a8f2c69f73c5c6db50cf18a322e467d641f28bab,narrative,development
OSHA-SIR-2017054463,OSHA_SIR,2017054463,An employee was reaching onto a shelf when the employee lost balance and their ring was caught on the shelf resulting in a left ring finger degloving.,"Contact with objects and equipment, n.e.c.",Hospitalized=1.00; Amputation=0.00; Loss of Eye=0.00,SIF_POTENTIAL,retained_teammate_label,teammate_manual_label,sif-label-review-v0.2.0,osha-text-eee95916dc61,eee95916dc6195c5301b50342bd2f69c2445e63fc7e1569f6b2d49aceaddad72,narrative,development
OSHA-SIR-2017054820,OSHA_SIR,2017054820,"An employee and a coworker were attempting to loosen rusted bolts using a wrench and a sledgehammer. The employee was holding the wrench while the coworker struck the bolts with the sledgehammer. As the employee began to stand up, his coworker struck him with the sledgehammer, breaking his left middle finger.",Injured by slipping or swinging object held by other person,Hospitalized=1.00; Amputation=0.00; Loss of Eye=0.00,NON_SIF_POTENTIAL,retained_teammate_label,teammate_manual_label,sif-label-review-v0.2.0,osha-text-a0a3f121a563,a0a3f121a5630805fe50ab3c4c272aa32ba6afb9ad6be7b4fe804f70500e0d88,narrative,development
OSHA-SIR-2017088097,OSHA_SIR,2017088097,An employee was adjusting the high/low switch on his truck-mounted welder. He was turning around when he lost his footing because it had just rained and his truck bed was slick. He went to steady himself and reached to grab onto something with his hands. His right hand slid underneath the cowling of his welder and two fingers were severely lacerated by the motor fan blades. He was hospitalized.,Slip on vehicle without fall-nontransport,Hospitalized=1.00; Amputation=0.00; Loss of Eye=0.00,NON_SIF_POTENTIAL,retained_teammate_label,teammate_manual_label,sif-label-review-v0.2.0,osha-text-5d9d8edc0da6,5d9d8edc0da650ecee2dff1b56cfdcaba68790676cc76623f96db9645516e370,narrative,development
OSHA-SIR-2017109605,OSHA_SIR,2017109605,"An employee fell while installing safety clamps. During the fall, the employee's left pinky finger was caught and partially amputated between a safety clamp and a pipe.","Fall, slip, trip, unspecified ",Hospitalized=1.00; Amputation=1.00; Loss of Eye=0.00,NON_SIF_POTENTIAL,retained_teammate_label,teammate_manual_label,sif-label-review-v0.2.0,osha-text-a9fc27199c9f,a9fc27199c9fe3d71780292c5b8aec58fa0a4a7c004bb4eaec07a787acac0fcf,narrative,development
OSHA-SIR-20171110941,OSHA_SIR,20171110941,"An employee was watching a sub-winch cable run through sheaves to ensure that the cable was running smoothly when he noticed slack due to the cable coming off the sheave. He grabbed the cable with his left hand for balance and placed his right foot on the lower section of the cable to push it into the sheave. The cable then broke free into the sheave, consequently creating tension on the cable, which cut his right foot and three left-hand fingers. His three middle left-hand fingers were amputated, and his right foot was partially amputated.","Caught in running equipment or machinery during maintenance, cleaning ",Hospitalized=1.00; Amputation=1.00; Loss of Eye=0.00,SIF_POTENTIAL,retained_teammate_label,teammate_manual_label,sif-label-review-v0.2.0,osha-text-174b51d2f626,174b51d2f6269bb91613d867e286215ebc967dbc6eb44daf74a9373ac1118bac,narrative,development
OSHA-SIR-2018021180,OSHA_SIR,2018021180,"An employee was using a telehandler to move cargo when a front loader lost traction at the top of a hill and slid down into the telehandler as the employee was trying to get out, crushing his right leg and pelvis.","Nonroadway collision with other vehicle, unspecified",Hospitalized=1.00; Amputation=1.00; Loss of Eye=0.00,SIF_POTENTIAL,retained_teammate_label,teammate_manual_label,sif-label-review-v0.2.0,osha-text-8b40329e60ce,8b40329e60ceb805008fe268ab671f88cabfb9e97249437660fdb0e458ed50fd,narrative,development
OSHA-SIR-2018021922,OSHA_SIR,2018021922,"While conducting rig-up operations, two employees were carrying a 2-inch joint of iron piping when the first employee dropped the joint on the second employee's finger. His right middle finger was crushed between the falling pipe and piping that was on the ground, resulting in an amputation.",Struck by object or equipment dropped by other person,Hospitalized=1.00; Amputation=1.00; Loss of Eye=0.00,SIF_POTENTIAL,retained_teammate_label,teammate_manual_label,sif-label-review-v0.2.0,osha-text-98854826b508,98854826b508b9675a4f2a07fd5b5c02a10b1dffeafd554a6ba2743e7c42a282,narrative,development
OSHA-SIR-2018032178,OSHA_SIR,2018032178,An employee was loosening a plug on a union. The pipe wrench fell and the employee lost his balance causing him to step awkwardly and break a leg.,"Other exertions or bodily reactions, n.e.c.",Hospitalized=1.00; Amputation=0.00; Loss of Eye=0.00,NON_SIF_POTENTIAL,retained_teammate_label,teammate_manual_label,sif-label-review-v0.2.0,osha-text-09e84d9e18fa,09e84d9e18fae828b1ed31a62001dc211daa0825252d62f83db248aa3de336fe,narrative,development
OSHA-SIR-2018033060,OSHA_SIR,2018033060,"Employees were repairing a cooling unit on a new oil tank battery when a piping union failed and struck the injured employee, who suffered an amputation of the right leg below the knee.","Struck by falling object or equipment, n.e.c.",Hospitalized=1.00; Amputation=1.00; Loss of Eye=0.00,SIF_POTENTIAL,retained_teammate_label,teammate_manual_label,sif-label-review-v0.2.0,osha-text-46c8ec273408,46c8ec273408fb85e3eb170de71d33236dded21cd1d14327649f69475ff24fbf,narrative,development
OSHA-SIR-2018054817,OSHA_SIR,2018054817,A piece of wood/splinter from a wooden crate embedded in an employee's left thigh.,"Struck against stationary object or equipment, unspecified",Hospitalized=1.00; Amputation=0.00; Loss of Eye=0.00,NON_SIF_POTENTIAL,retained_teammate_label,teammate_manual_label,sif-label-review-v0.2.0,osha-text-5d640176daf6,5d640176daf62925ff50dd49c568bbae5561e9940e228829711cc4c72e285e62,narrative,development
OSHA-SIR-2018099398,OSHA_SIR,2018099398,"An employee was riding in the back of a company work truck when a pipe roller made contact with his hand, causing multiple fractures.","Struck by shifting load during transport, roadway",Hospitalized=1.00; Amputation=0.00; Loss of Eye=0.00,SIF_POTENTIAL,accepted_ai_assisted_binary,existing_ai_assisted_consensus_v0_1,existing-ai-consensus-v0.1,osha-text-77c35cdaf844,77c35cdaf844f0be8607962b8eda9729966a7b69f24ba9b0bf7c379d0f5bd1dc,narrative,development
OSHA-SIR-20181010628,OSHA_SIR,20181010628,"Four Turner employees were working to remove discharge piping to make modifications. While removing the piping from pumps, the crew placed the pipe (approximately 300 lbs.) onto a cart. It rolled unexpectedly and pinched an employee's left ring finger between it and the cart rail, resulting in a fingertip amputation.",Struck by object or equipment rolling freely,Hospitalized=1.00; Amputation=1.00; Loss of Eye=0.00,SIF_POTENTIAL,retained_teammate_label,teammate_manual_label,sif-label-review-v0.2.0,osha-text-12e7964babc6,12e7964babc6182498c54394c1227b7969a63ca49fc7267b08da9c9a021a2417,narrative,development
OSHA-SIR-20181212860,OSHA_SIR,20181212860,"Upon completion of his delivery at a customer's location, a driver returned to the truck, placed his feet on the driver's side step, reached into the cab and turned off the power take off. The truck began to roll. The driver tried to enter the cab to apply the brakes, but just before being able to stop the truck, the right front wheel exited the pavement causing the truck to roll onto its right side. The driver went over the truck landing onto the driveway below. The vehicle continued to roll over, crushing the left side on a rock. The truck came to rest with the damaged step straddling the driver's right leg, fracturing his right ankle.",Struck or run over by rolling powered vehicle,Hospitalized=1.00; Amputation=0.00; Loss of Eye=0.00,SIF_POTENTIAL,accepted_ai_assisted_binary,existing_ai_assisted_consensus_v0_1,existing-ai-consensus-v0.1,osha-text-91e2c75982ec,91e2c75982eca1e1a9b25b5f17ccdaecdfec99888abf7284637d5f7f54b16c2f,narrative,development
OSHA-SIR-2019011040,OSHA_SIR,2019011040,"An employee was operating a forklift and staging 10"" pipe on a concrete parking lot. The first joint of pipe was set down and the second joint was being retrieved when the first joint began to roll. The employee secured the forklift and went to stop the pipe from rolling, but was struck by the rolling pipe on the back of his leg. The employee fell and the pipe rolled up his leg. The employee suffered a broken foot.",Struck by object or equipment rolling freely,Hospitalized=1.00; Amputation=0.00; Loss of Eye=0.00,SIF_POTENTIAL,retained_teammate_label,teammate_manual_label,sif-label-review-v0.2.0,osha-text-0fd242cb2788,0fd242cb27881c47ab271da71e8b3ad5169e540e14772b6bbdce6646427572d3,narrative,development
OSHA-SIR-2019054755,OSHA_SIR,2019054755,The injured employee was watching another employee utilize a drill reamer. The injured employee slipped or fell into the hole being reamed and contacted the drill reamer. The employee suffered a foot amputation.,"Other fall to lower level, unspecified",Hospitalized=1.00; Amputation=1.00; Loss of Eye=0.00,SIF_POTENTIAL,retained_teammate_label,teammate_manual_label,sif-label-review-v0.2.0,osha-text-6cd8f6254591,6cd8f62545917ea099c1655707a436419c96f0745763dc7cfea63445edfbbbae,narrative,development
OSHA-SIR-2020010577,OSHA_SIR,2020010577,"Employees were working to remove a blow-out preventer (BOP) by dragging it with a tandem bed truck on the BOP skid from between two rig subs during rig-down operations. An employee was spotting the BOP skid as it was being pulled out by a tandem bed truck so it did not contact the rig sub's cylinders. He was standing on each side of the BOP skid directly beside the gas well cellar that the BOP had been removed from in order to watch the skid pass the cylinders and communicate with the bed truck operator as he pulled the skid away from the spotters. At the time, the well cellar guards had been removed from around the BOP, as is required to disconnect the BOP and lay it over on the skid. The employee stepped back into the cellar opening and fell 4 feet down onto a metal work platform and toe board, resulting in a broken collar bone, broken ribs, and a punctured lung.",Fall through surface or existing opening less than 6 feet,Hospitalized=1.00; Amputation=0.00; Loss of Eye=0.00,SIF_POTENTIAL,corrected_supported_secondary_review,teammate_manual_plus_ai_assisted_secondary_review,sif-label-review-v0.2.0,osha-text-21ff4a9511d6,21ff4a9511d6a4171e3109f74743be7eb7c5f85aa9302768aad509564bdde59c,narrative,development
OSHA-SIR-2020021385,OSHA_SIR,2020021385,"Employees at an oil rig were breaking down its blowout preventers. After removing the preventers from the wellhead, they put a wooden board on the ground to set the preventer on and keep it from getting muddy. When one employee unhooked his tagline from a preventer, the preventer shifted and the locking stem on its top struck the top of the employee's left boot. He suffered a laceration to the foot and two broken toes.","Struck by object or equipment, unspecified",Hospitalized=1.00; Amputation=0.00; Loss of Eye=0.00,SIF_POTENTIAL,retained_teammate_label,teammate_manual_label,sif-label-review-v0.2.0,osha-text-36280e62f59f,36280e62f59f0af550e1acfe4b4b7ef70a984018b5c0159ebb5cf3f032bedf64,narrative,development
OSHA-SIR-2020043073,OSHA_SIR,2020043073,An employee was spotting for a backhoe when its track struck the employee. The employee's left leg was amputated from the knee down.,"Pedestrian struck by vehicle in nonroadway area, unspecified",Hospitalized=1.00; Amputation=1.00; Loss of Eye=0.00,SIF_POTENTIAL,retained_teammate_label,teammate_manual_label,sif-label-review-v0.2.0,osha-text-218e05d61c7f,218e05d61c7ff086c4e975a81f865e7b8997c177c6cd560a28822245e3b96552,narrative,development
OSHA-SIR-20201111093,OSHA_SIR,20201111093,An employee was on a skid steer bucket when his leg was caught between the bucket and the track of the skid steer. His leg was amputated from the knee down.,"Struck by powered vehicle-nontransport, n.e.c.",Hospitalized=0.00; Amputation=1.00; Loss of Eye=0.00,SIF_POTENTIAL,accepted_ai_assisted_binary,existing_ai_assisted_consensus_v0_1,existing-ai-consensus-v0.1,osha-text-b2ee9057b5aa,b2ee9057b5aae9cb14eed1fe322b4ac3411ead1e6f84b52f18eaaf0291cc41ac,narrative,development
OSHA-SIR-20201211546,OSHA_SIR,20201211546,"An employee was changing hoses when he was sprayed by liquid butane, resulting in cold burns.",Contact with cold objects or substances,Hospitalized=1.00; Amputation=0.00; Loss of Eye=0.00,SIF_POTENTIAL,retained_teammate_label,teammate_manual_label,sif-label-review-v0.2.0,osha-text-cfe61d97d924,cfe61d97d924e0cacdcfa937e1f64fc9562f7983b586a90b3c3fa156ea8d7f36,narrative,development
OSHA-SIR-2021021108,OSHA_SIR,2021021108,"The injured employee and a coworker removed a valve body to unclog pods in an auger. After they unclogged the pods and reloaded them, they proceeded to reinstall the valve body. As they were picking up the valve body, the coworker slipped and the valve fell onto the injured employee's left pinky finger, resulting in a fingertip amputation.",Struck by object or equipment dropped by other person,Hospitalized=0.00; Amputation=1.00; Loss of Eye=0.00,SIF_POTENTIAL,retained_teammate_label,teammate_manual_label,sif-label-review-v0.2.0,osha-text-f1a3d9fc5051,f1a3d9fc5051536fb8e4d74146aaed255950b217814889155031f44c7ee4cfac,narrative,development
OSHA-SIR-2021032721,OSHA_SIR,2021032721,"An employee was closing the tailgate of a pickup truck and caught their left ring finger in the hinge of the gate, resulting in an amputation to the fingertip.",Struck by swinging part of powered vehicle,Hospitalized=1.00; Amputation=1.00; Loss of Eye=0.00,NON_SIF_POTENTIAL,accepted_ai_assisted_binary,existing_ai_assisted_consensus_v0_1,existing-ai-consensus-v0.1,osha-text-cac235e0117a,cac235e0117a17c3fa1009fd8875be7fc4d607c4db50beebe4ad29caa0d753b9,narrative,development
OSHA-SIR-2021053922,OSHA_SIR,2021053922,"A five-man crew had been subcontracted by Laredo Petroleum to replace the fire tubes on a heater treater and clean the inside of the tank. Three employees with Dorado Construction Group were contracted as a roustabout crew to clean the tank and replace the fire tubes, one employee of Mulholland Energy Services was contracted to operate the vacuum truck and remove the sludge from the tank, and one employee of Permian Service Co., LLC was hired to operate a hot oil truck to provide water to the roustabout crew for cleaning. At approximately 1:00 p.m. the employees had completed pulling out the old fire tube and had begun the process of cleaning the inside of the tank from the open hatch when an explosion occurred. Three employees were hospitalized for second and third degree burns to their arms and face.","Explosion, unspecified",Hospitalized=3.00; Amputation=0.00; Loss of Eye=0.00,SIF_POTENTIAL,retained_teammate_label,teammate_manual_label,sif-label-review-v0.2.0,osha-text-e23af187f26d,e23af187f26dccfdd640735d10a295c4d17022880120071f1fa5563ebebac61c,narrative,development
OSHA-SIR-2021075939,OSHA_SIR,2021075939,"A crew, working for Red Diamond Energy Services, was laying down 2 7/8-inch tubing. The employee on the floor would unlatch the elevators slightly above the floor. The joint would bounce and the employee on the ground would grab and slide the tubing down the rack. While the 29th joint was being laid down, the employee's right ring finger was crushed between the tubing and the floor as the joint bounced resulting in amputation.",Struck by object falling from vehicle or machinery-other than vehicle part,Hospitalized=0.00; Amputation=1.00; Loss of Eye=0.00,SIF_POTENTIAL,retained_teammate_label,teammate_manual_label,sif-label-review-v0.2.0,osha-text-9f2a04ccecf0,9f2a04ccecf085a955605024695667c6f05e344aef6fb1916e29d4704979c443,narrative,development
OSHA-SIR-2021086899,OSHA_SIR,2021086899,"An employee was removing protective ropes from pipes when they were struck by a semi-truck that was backing up. The employee's left leg became crushed between the beveled end of a pipe and the semi-truck's rear bumper, resulting in a broken left leg.","Pedestrian vehicular incident, unspecified",Hospitalized=1.00; Amputation=0.00; Loss of Eye=0.00,SIF_POTENTIAL,retained_teammate_label,teammate_manual_label,sif-label-review-v0.2.0,osha-text-61302f2c98dc,61302f2c98dc12f287983320ea82a5977e86c61c29f7da2ad2e47bfaa764ee39,narrative,development
OSHA-SIR-2021108821,OSHA_SIR,2021108821,"An employee was driving a water truck along a lease road when he hit a pothole and the vehicle dropped, jarring the employee's spine and resulting in fractured vertebrae.","Struck bump, hole, rough terrain on driving surface, nonroadway",Hospitalized=1.00; Amputation=0.00; Loss of Eye=0.00,SIF_POTENTIAL,retained_teammate_label,teammate_manual_label,sif-label-review-v0.2.0,osha-text-444a14c6c2a8,444a14c6c2a839297b7080789f66b0adbfb8fe2cfc4a6e25c9695b89ccab09ad,narrative,development
OSHA-SIR-2021119791,OSHA_SIR,2021119791,"An employee was moving a water pump with a skid steer. When the employee reached the top of a hill, the water pump slid off the skid steer's forks and hit the cab. It entered the cab and struck the employee, who suffered a laceration to the left calf.","Struck by shifting load during transport, nonroadway",Hospitalized=1.00; Amputation=0.00; Loss of Eye=0.00,SIF_POTENTIAL,accepted_ai_assisted_binary,existing_ai_assisted_consensus_v0_1,existing-ai-consensus-v0.1,osha-text-274730376406,274730376406b09dad1ffb5ccffa51ad347317e53a7bcab06886cdad8e08109e,narrative,development
OSHA-SIR-2022064891,OSHA_SIR,2022064891,"An employee was using a truck to barricade a road. A motor vehicle, traveling at about 65 miles per hour, rear-ended the truck. The employee suffered a lip laceration, fractured vertebrae, and a tear in the inner layer of the aorta.","Collision between a moving and standing vehicle, nonroadway",Hospitalized=1.00; Amputation=0.00; Loss of Eye=0.00,SIF_POTENTIAL,retained_teammate_label,teammate_manual_label,sif-label-review-v0.2.0,osha-text-2a67d2e13a3e,2a67d2e13a3e505ebe25a8bf5afda2884716626cdfee0bad5644c8d1c39bdfcc,narrative,development
OSHA-SIR-2022065392,OSHA_SIR,2022065392,"Maintenance was being performed on a machine that inverts coal cars to dump product out of the cars. The machine was in the inverted position at the time. An employee was standing on fiberglass grating when it came loose causing them to fall 21 feet to the surface below. The employee sustained a broken arm. The employee was wearing fall protection, but it was not connected at the time of the fall.",Fall through surface or existing opening 21 to 25 feet ,Hospitalized=1.00; Amputation=0.00; Loss of Eye=0.00,SIF_POTENTIAL,corrected_supported_secondary_review,teammate_manual_plus_ai_assisted_secondary_review,sif-label-review-v0.2.0,osha-text-b348373ef3d4,b348373ef3d417d36f3809c28c53a08e85ed0f8bb498c91df0bec43bb7ae0f8e,narrative,development
OSHA-SIR-2023054552,OSHA_SIR,2023054552,"At about 9:15 a.m. on May 22, 2023, an employee was using a 5-pound hammer to remove the weld on a pipe support and knock the support lose. The hammer missed the support; the employee's left index finger struck the support and was lacerated and broken. The fingertip was medically amputated.","Struck against stationary object or equipment, n.e.c.",Hospitalized=0.00; Amputation=1.00; Loss of Eye=0.00,NON_SIF_POTENTIAL,retained_teammate_label,teammate_manual_label,sif-label-review-v0.2.0,osha-text-993f77b53f1b,993f77b53f1b700f8a7acbd9cf80049e58afd7292bfda65fa81258da240fb7ac,narrative,development
OSHA-SIR-2023086969,OSHA_SIR,2023086969,"An employee was helping to download shaped charges. During the process, a charge exploded directly over the employee's left hand. The employee suffered lacerations and burns to his left hand. He was hospitalized, and his left little finger was surgically amputated.",Demolition or blasting explosion ,Hospitalized=1.00; Amputation=1.00; Loss of Eye=0.00,SIF_POTENTIAL,retained_teammate_label,teammate_manual_label,sif-label-review-v0.2.0,osha-text-cf150486175d,cf150486175d1aec3782330aa31d52013f278d2822699cffbfad00ee2ca2f683,narrative,development
OSHA-SIR-20231211139,OSHA_SIR,20231211139,An employee was applying grease to the cables of a machine during maintenance. He was caught by the 1-inch cable and pulled into the cable spool. The employee sustained partial amputations to three fingers on his right hand.," Caught in running equipment or machinery during maintenance, cleaning ",Hospitalized=0.00; Amputation=1.00; Loss of Eye=0.00,SIF_POTENTIAL,retained_teammate_label,teammate_manual_label,sif-label-review-v0.2.0,osha-text-e8f9810bfc65,e8f9810bfc65c49b7f3ad2c15e48fb026dd4085a28e24ef48cf3fabb41f7df0e,narrative,development
OSHA-SIR-20231211320,OSHA_SIR,20231211320,"An employee was standing by the front side of the mud mix pump guard. He squatted down and stretched out to reach the belt with his left hand and was able to grab it. When he began to rise, belt in hand, his hand got caught on the backside of the guard. The belt and pulley pulled the used belt that was in his hand into the pulley, causing amputations to the middle, ring, and little fingertips."," Caught in running equipment or machinery during maintenance, cleaning ",Hospitalized=1.00; Amputation=0.00; Loss of Eye=0.00,SIF_POTENTIAL,accepted_ai_assisted_binary,existing_ai_assisted_consensus_v0_1,existing-ai-consensus-v0.1,osha-text-51cbca2f3371,51cbca2f3371e07281b411801704ffe9aa81fc3e2f3e82016433b5626707b778,narrative,development
OSHA-SIR-20231211765,OSHA_SIR,20231211765,"An employee was closing an office door when their middle fingertip was caught between the door and the frame, resulting in a fingertip amputation.",Struck by or caught in swinging door or gate,Hospitalized=1.00; Amputation=1.00; Loss of Eye=0.00,SIF_POTENTIAL,retained_teammate_label,teammate_manual_label,sif-label-review-v0.2.0,osha-text-72e0d5e662eb,72e0d5e662eb3d4a9d0cf524685fa328ab21c187307116019a9dab17bfef0aea,narrative,development
OSHA-SIR-2024010071,OSHA_SIR,2024010071,"An employee was parking his company vehicle. As he stepped out of the truck, the employee stepped on a patch of ice, slipped, and fell to the ground. The employee suffered a lower right leg fracture.", Fall on same level due to slip or trip,Hospitalized=1.00; Amputation=0.00; Loss of Eye=0.00,NON_SIF_POTENTIAL,accepted_ai_assisted_binary,existing_ai_assisted_consensus_v0_1,existing-ai-consensus-v0.1,osha-text-0c1219c4dc66,0c1219c4dc66c7c484be8a3bfeda4177849110245d88774a41572b18f9ba498a,narrative,development
OSHA-SIR-2024010090,OSHA_SIR,2024010090,An employee's left ring finger was caught between two pipes (one stationary and the other being rolled). The employee suffered a partial finger amputation., Contact with non-running objects or equipment  unspecified ,Hospitalized=0.00; Amputation=1.00; Loss of Eye=0.00,NON_SIF_POTENTIAL,accepted_ai_assisted_binary,existing_ai_assisted_consensus_v0_1,existing-ai-consensus-v0.1,osha-text-bebda09340a6,bebda09340a6ea425c4d757ad9ad35a90c4ad3cb1a152ee40c0f3d079443a857,narrative,development
OSHA-SIR-2024010091,OSHA_SIR,2024010091,"An employee missed her chair while sitting down. She fell backward into a display case and landed on the floor. Items on top of the case then fell and struck the employee's head, causing injury to the left side of their head.", Fall on same level resulting in exposure or contact ,Hospitalized=1.00; Amputation=0.00; Loss of Eye=0.00,NON_SIF_POTENTIAL,accepted_ai_assisted_binary,existing_ai_assisted_consensus_v0_1,existing-ai-consensus-v0.1,osha-text-ed7b060a878a,ed7b060a878a43fb4acfd615f469ad8867ba6180f9f3a7eb1277c8db4f5fa961,narrative,development
OSHA-SIR-2024010903,OSHA_SIR,2024010903,An employee was working to set a drive pin on an S-hook so a forklift could pick up a part and bring it to the paint department. The employee's left middle finger was pinched between the pin and the S-hook resulting in a partial amputation., Contact incidents  unspecified,Hospitalized=0.00; Amputation=1.00; Loss of Eye=0.00,NON_SIF_POTENTIAL,accepted_ai_assisted_binary,existing_ai_assisted_consensus_v0_1,existing-ai-consensus-v0.1,osha-text-c20678a5bc8d,c20678a5bc8d80e61359fe4b0930abc40d21cb835f43dbd0ef207813310d1148,narrative,development
OSHA-SIR-2024021317,OSHA_SIR,2024021317,"An employee was operating a winch when his left hand got caught under a cable, resulting in an amputation of the ring fingertip."," Caught, entangled in running powered equipment  normal operation",Hospitalized=1.00; Amputation=1.00; Loss of Eye=0.00,SIF_POTENTIAL,accepted_ai_assisted_binary,existing_ai_assisted_consensus_v0_1,existing-ai-consensus-v0.1,osha-text-41e2510339d3,41e2510339d3bd9a2cc1301a17f47b96f7f0981eccad82178603666573d58755,narrative,development
OSHA-SIR-2024021458,OSHA_SIR,2024021458,"An employee was rigging down a workover rig for relocation. The derrick had been retracted and the top section was down. The employee was on the rig floor ensuring the lines were not becoming tangled or caught on anything. While coiling up the slack of two guidelines, the swab line tightened unexpectedly while being winched in, and caught the employee's right leg. The leg was amputated below the base of the hip."," Caught, entangled in running powered equipment  normal operation",Hospitalized=0.00; Amputation=1.00; Loss of Eye=0.00,SIF_POTENTIAL,accepted_ai_assisted_binary,existing_ai_assisted_consensus_v0_1,existing-ai-consensus-v0.1,osha-text-3312dc6feefb,3312dc6feefba8d560290ce75cbda2e0f61bdedf6e61ddbccc986faa74dfa292,narrative,development
OSHA-SIR-2024042848,OSHA_SIR,2024042848,"A crew of two was attempting to blind/isolate the loop to the re-slurry control valve to the north rise. As the employees were loosening the bolts to open the pipe and placing the blind, a valve that was holding back the slurry opened. This released the hot slurry (640 degrees Fahrenheit) onto the employees performing the work. Both employees sustained thermal burns from the slurry and were hospitalized.", Contact with hot objects or substances,Hospitalized=2.00; Amputation=0.00; Loss of Eye=0.00,SIF_POTENTIAL,accepted_ai_assisted_binary,existing_ai_assisted_consensus_v0_1,existing-ai-consensus-v0.1,osha-text-191b85286fbb,191b85286fbb2e423d1698585715ad5c44c92430e14a4bde657080b9a374568b,narrative,development
OSHA-SIR-2024042949,OSHA_SIR,2024042949,"An employee was working from an aerial lift when they slipped and their safety harness ripped, causing them to fall 37 feet to the dirt surface below. They sustained fractures to ribs, both collar bones, vertebrae, and also sustained contusions to the lungs.", Other fall to lower level  more than 30 feet,Hospitalized=1.00; Amputation=0.00; Loss of Eye=0.00,SIF_POTENTIAL,accepted_ai_assisted_binary,existing_ai_assisted_consensus_v0_1,existing-ai-consensus-v0.1,osha-text-225993b01d62,225993b01d62350f76447e011fda74b7e853b36b3a10e3ffbd83f8c9e7af3ac4,narrative,development
OSHA-SIR-2024043057,OSHA_SIR,2024043057,A culvert was being lifted when a pipe struck an employee in the face. The employee suffered a jaw laceration and was hospitalized., Struck by suspended or swinging objects  n.e.c.,Hospitalized=1.00; Amputation=0.00; Loss of Eye=0.00,SIF_POTENTIAL,retained_teammate_label,teammate_manual_label,sif-label-review-v0.2.0,osha-text-164cf1f270f0,164cf1f270f01537aee49d9a11a5a694a51bc41996d60f7ff00b5885ef43cb09,narrative,development
OSHA-SIR-2024075952,OSHA_SIR,2024075952,"An employee was spotting for an excavator that was pulling an old pipe from the ground. The wall of an adjacent excavation caved in and caused the excavator to tip into it. The top knuckle of the excavator boom struck the injured employee on the lower back, resulting in a fractured pelvis and ribs.", Struck by object tipping over,Hospitalized=1.00; Amputation=0.00; Loss of Eye=0.00,SIF_POTENTIAL,retained_teammate_label,teammate_manual_label,sif-label-review-v0.2.0,osha-text-c4b318da47c4,c4b318da47c45fe7645a4e24e2d6c3ebcc8392f7ea36009f715f994943e0fc40,narrative,development
OSHA-SIR-2024076349,OSHA_SIR,2024076349,"Two employees were carrying a drill bit and installation tool to the center of a drilling rig floor. One of them slipped and fell, and the drill bit and installation tool landed on his left hand. He suffered an open fracture and partial amputation of the last joint of the little finger, as well as a laceration to the ring finger.", Fall on same level due to slip or trip,Hospitalized=0.00; Amputation=1.00; Loss of Eye=0.00,NON_SIF_POTENTIAL,accepted_ai_assisted_binary,existing_ai_assisted_consensus_v0_1,existing-ai-consensus-v0.1,osha-text-a219458fd569,a219458fd5691984c01cdfa340d0927b7b8d0d6b74f953932217424ef99c19ed,narrative,development
OSHA-SIR-2024076651,OSHA_SIR,2024076651,"An employee was releasing a counterweight from a pump jack. The counterweight rotated and struck the employee in the back, resulting in fractures to their left femur, left sacrum, and L1 and L2 vertebrae.", Struck by running powered equipment  n.e.c.,Hospitalized=1.00; Amputation=0.00; Loss of Eye=0.00,SIF_POTENTIAL,retained_teammate_label,teammate_manual_label,sif-label-review-v0.2.0,osha-text-f31488c07c44,f31488c07c443a4a7169a47beb3a481f52ea1ada7e381874fc400647cde443a2,narrative,development
OSHA-SIR-2024087059,OSHA_SIR,2024087059,"An employee was plugging an air compressor into an outlet in a shed when it emitted a spark that ignited gas that had accumulated in the shed. The shed housed oil and gas equipment that may have leaked gas and a propane storage tank and fuel line that may have leaked. This resulted in a fire and explosion that caused burns to the employee's face, hands, and torso.", Explosion  unspecified,Hospitalized=1.00; Amputation=0.00; Loss of Eye=0.00,SIF_POTENTIAL,accepted_ai_assisted_binary,existing_ai_assisted_consensus_v0_1,existing-ai-consensus-v0.1,osha-text-7f577764dd11,7f577764dd11c751f23417f73042cf6ff3f9952dd52ca7bdbf58463c082b7ad5,narrative,development
OSHA-SIR-2024087293,OSHA_SIR,2024087293,"An employee was loosening a valve on a frac tank when the wrench slipped, causing the employee to lose their balance and fall on the injured employee on the same level. The employee sustained a fractured left leg."," Contact with other person, nonviolent or intent unknown  n.e.c.",Hospitalized=1.00; Amputation=0.00; Loss of Eye=0.00,NON_SIF_POTENTIAL,accepted_ai_assisted_binary,existing_ai_assisted_consensus_v0_1,existing-ai-consensus-v0.1,osha-text-63400b2eee1f,63400b2eee1fefb72be5e0e82203596b342df70d885101906b4ec9554c0415dd,narrative,development
OSHA-SIR-2024098909,OSHA_SIR,2024098909,An employee was making a grease head connection. He pulled on the sling connected by a crane to balance the grease head. He was stabilizing the 5-1/2 lubricator with his left hand when the lubricator joint slipped into a tight space causing the 4-3/4 grease head to crush his left index finger against the lubricator. The employee's left index fingertip was amputated., Struck by suspended or swinging objects  n.e.c.,Hospitalized=0.00; Amputation=1.00; Loss of Eye=0.00,SIF_POTENTIAL,retained_teammate_label,teammate_manual_label,sif-label-review-v0.2.0,osha-text-651b602c04fc,651b602c04fce68b770f96d348070fe90aadc3b4279f4fa787af01b4831cb4ab,narrative,development
OSHA-SIR-20241211220,OSHA_SIR,20241211220,"An employee was tripping pipe out of a well. After one of the joints was unlatched, the block began coming down while there was an 18-inch pipe wrench stuck underneath the brake assembly. The block slowed down but did not stop. The block and bales impacted the rig floor. The bales fell on top of the injured employee's leg and head and the employee sustained an open fracture to the lower left leg/calf."," Struck by falling part of vehicle or machine, still attached",Hospitalized=1.00; Amputation=0.00; Loss of Eye=0.00,SIF_POTENTIAL,retained_teammate_label,teammate_manual_label,sif-label-review-v0.2.0,osha-text-373d1278e0b9,373d1278e0b974d554d58a15eadbe20a15d4ae0497c469a1da72a2edc96e3b6d,narrative,development
OSHA-SIR-2025010579,OSHA_SIR,2025010579,An employee was changing out the tong heads in the power tongs on a drilling rig when they became energized and crushed the employee's hand., Struck by running powered equipment  unspecified,Hospitalized=1.00; Amputation=0.00; Loss of Eye=0.00,SIF_POTENTIAL,retained_teammate_label,teammate_manual_label,sif-label-review-v0.2.0,osha-text-f9de973173c7,f9de973173c7077b66fdb130e1f099f81cea137554e3cd4962b60742744ad0a0,narrative,development
OSHA-SIR-2025032196,OSHA_SIR,2025032196,"An employee was walking in a saturated area and was sinking. While balancing himself, his right ring finger was caught in a pinch point on the pipelayer. The employee sustained an amputation to the middle and distal phalanges of the right ring finger (above the middle knuckle).", Fall on same level and catch oneself,Hospitalized=0.00; Amputation=1.00; Loss of Eye=0.00,NON_SIF_POTENTIAL,accepted_ai_assisted_binary,existing_ai_assisted_consensus_v0_1,existing-ai-consensus-v0.1,osha-text-b8a37ab5d2ea,b8a37ab5d2eaa684708c6f74e1fa681979be8dc450083447d264d998aa14cc15,narrative,development
OSHA-SIR-2025032244,OSHA_SIR,2025032244,"An employee was running a pig through a water line to clear the ice. The pig caused the 12-inch water line to whip and strike the employee, resulting in a head laceration and broken leg.", Struck by other propelled object or substance  n.e.c.,Hospitalized=1.00; Amputation=0.00; Loss of Eye=0.00,SIF_POTENTIAL,retained_teammate_label,teammate_manual_label,sif-label-review-v0.2.0,osha-text-fa6c5e325320,fa6c5e32532069f28a1b22f19cfea3db589c735afa149665523e17b5f8e75ddf,narrative,development
OSHA-SIR-2025043738,OSHA_SIR,2025043738,"On April 22, 2025, at approximately 6:35 p.m., an employee was working on a turnaround project. The crew was venting off nitrogen from an 18-inch pipeline into a 2-inch silencer vessel. The 18-inch pipe was pressurized with nitrogen gas at approximately 1200 psig. The silencer suddenly ruptured and its internal components were blown away. The shell of the silencer struck downward, landed on the employee's left hand due to high pressure, and lacerated the employee's left index finger resulting in amputation. The employee's left wrist was also broken."," Explosion of pressure vessel, piping, or tire",Hospitalized=1.00; Amputation=1.00; Loss of Eye=0.00,SIF_POTENTIAL,accepted_ai_assisted_binary,existing_ai_assisted_consensus_v0_1,existing-ai-consensus-v0.1,osha-text-b3edb5b1677a,b3edb5b1677a6de7509466c7240c00074c7c2ca27d3fe1b026d91c3ba6f9221b,narrative,development
OSHA-SIR-2025088531,OSHA_SIR,2025088531,"An employee was descending a dirt road on a utility task vehicle (UTV) after finishing fueling a booster pump. The vehicle left the dirt road and went over a fallen tree. The employee sustained broken ankles, a sprained left wrist, and a contusion/scrape on his upper abdomen. The employee was hospitalized.", Nonroadway noncollision incident  unspecified,Hospitalized=1.00; Amputation=0.00; Loss of Eye=0.00,SIF_POTENTIAL,accepted_ai_assisted_binary,existing_ai_assisted_consensus_v0_1,existing-ai-consensus-v0.1,osha-text-b7b7cceca4dd,b7b7cceca4dd638eb42a494fef17a6a848d3e3c180adc26abfbb15e9e170c6d5,narrative,development
OSHA-SIR-2025099684,OSHA_SIR,2025099684,An employee was rigging up a location. He was using an Allen wrench to free up rotation and start the drawworks engine manually. The engine rotated and his left little finger became caught between the Allen wrench and the engine. The employee sustained an amputation to his little finger and fractures to his wrist.," Struck by running powered equipment  during maintenance, cleaning, testing",Hospitalized=1.00; Amputation=1.00; Loss of Eye=0.00,SIF_POTENTIAL,retained_teammate_label,teammate_manual_label,sif-label-review-v0.2.0,osha-text-32bf49c03dc3,32bf49c03dc33f6fc1fea7b1bd6d7e5d26877410bae140ca654aa00a73af4aa7,narrative,development
