report_id,report_date,site,activity,report_type,narrative,source
DEMO100-0001,2026-07-20,Blue Mesa Yard,Driving,Near Miss,"At Blue Mesa Yard in the internal access road, the operator prepared driving during verification. The equipment was light vehicle and reversing camera. The vehicle was speeding and the driver lost control. The driver was distracted and the vehicle veered toward a pedestrian. a pedestrian was within the vehicle line of travel. The expected seatbelt, spotter, speed limit, and journey plan was not verified. No serious injury occurred, but severe harm was credible. Work stopped, the control was restored, and the event was recorded. Standalone sequence 0001 was logged.",synthetic_judge_demo_100_v0_1
DEMO100-0002,2026-07-21,Delta Point Facility,Inspection,Unsafe Condition,"At Delta Point Facility in the workshop aisle, during routine inspection, a worker used a small hand tool. Nearby was a closed vessel and idle gas monitor, not in use. The worker slipped on a dry step while walking beside the bench, lost balance, and rolled an ankle. The worker caught a finger on the tool case but did not fall. No one was exposed to serious harm and no credible fatal outcome was identified. The ordinary footing control was present and verified. The ankle and finger were checked after the slip. The fingertip was checked. The worker removed the step and continued. Standalone sequence 0002 was logged.",synthetic_judge_demo_100_v0_1
DEMO100-0003,2026-07-22,Cedar Ridge Station,Inspection,Unsafe Condition,"At Cedar Ridge Station in the workshop aisle, during routine inspection, a worker used a small hand tool. Nearby was a secured ladder and closed platform, not in use. The worker slipped on a dry step while walking beside the bench, lost balance, and rolled an ankle. The worker caught a finger on the tool case but did not fall. No one was exposed to serious harm and no credible fatal outcome was identified. The ordinary footing control was present and verified. The ankle and finger were checked after the slip. The fingertip was checked. The worker removed the step and continued. Standalone sequence 0003 was logged.",synthetic_judge_demo_100_v0_1
DEMO100-0004,2026-07-23,Aurora Basin,Hot Work,Near Miss,"At Aurora Basin in the fabrication bay, the driver prepared hot work during the pre-job setup stage. The equipment was welding torch, gas cylinder, and nearby vapour source. Welding started near flammable gas before the ignition source was controlled. the welder was beside the potential fire and explosion path. The expected permit, gas test, fire watch, and ignition-source control was not verified. No serious injury occurred, but severe harm was credible. Work stopped, the control was restored, and the event was recorded. Standalone sequence 0004 was logged.",synthetic_judge_demo_100_v0_1
DEMO100-0005,2026-07-24,Delta Point Facility,Valve Maintenance,Near Miss,"At Delta Point Facility in the maintenance platform, the driver prepared valve maintenance during the post-task check stage. The equipment was access ladder, scaffold, and fall-protection lanyard. The worker was working at height without fall protection, harness, or lanyard. the worker was positioned at height above the lower deck. The expected guardrail, harness, lanyard, and tie-off point was not verified. No serious injury occurred, but severe harm was credible. Work stopped, the control was restored, and the event was recorded. Standalone sequence 0005 was logged.",synthetic_judge_demo_100_v0_1
DEMO100-0006,2026-07-24,Frostline Depot,Inspection,Unsafe Condition,"At Frostline Depot in the workshop aisle, during routine inspection, a worker used a small hand tool. Nearby was a closed vessel and idle gas monitor, not in use. The worker slipped on a dry step while walking beside the bench, lost balance, and rolled an ankle. The worker caught a finger on the tool case but did not fall. No one was exposed to serious harm and no credible fatal outcome was identified. The ordinary footing control was present and verified. The ankle and finger were checked after the slip. The fingertip was checked. The worker removed the step and continued. The area was checked before work continued. The task was paused for review. Standalone sequence 0006 was logged.",synthetic_judge_demo_100_v0_1
DEMO100-0007,2026-07-27,Aurora Basin,Driving,Incident,"At Aurora Basin in the internal access road, the rigger prepared driving during the task execution stage. The equipment was light vehicle and reversing camera. The driver was distracted and the vehicle veered toward a pedestrian. A vehicle crash was narrowly avoided. a pedestrian was within the vehicle line of travel. The expected seatbelt, spotter, speed limit, and journey plan was not verified. No serious injury occurred, but severe harm was credible. Work stopped, the control was restored, and the event was recorded. Standalone sequence 0007 was logged.",synthetic_judge_demo_100_v0_1
DEMO100-0008,2026-07-27,Blue Mesa Yard,Mechanical Lifting,Unsafe Act,"At Blue Mesa Yard in the workshop aisle, during routine inspection, a worker used a small hand tool. Nearby was a parked load and marked floor, not in use. The worker slipped on a dry step while walking beside the bench, lost balance, and rolled an ankle. The worker caught a finger on the tool case but did not fall. No one was exposed to serious harm and no credible fatal outcome was identified. The ordinary footing control was present and verified. The ankle and finger were checked after the slip. The fingertip was checked. The worker removed the step and continued. Standalone sequence 0008 was logged.",synthetic_judge_demo_100_v0_1
DEMO100-0009,2026-07-27,Cedar Ridge Station,Driving,Unsafe Act,"At Cedar Ridge Station in the workshop aisle, during routine inspection, a worker used a small hand tool. Nearby was a parked vehicle and clear route, not in use. The worker slipped on a dry step while walking beside the bench, lost balance, and rolled an ankle. The worker caught a finger on the tool case but did not fall. No one was exposed to serious harm and no credible fatal outcome was identified. The ordinary footing control was present and verified. The ankle and finger were checked after the slip. The fingertip was checked. The worker removed the step and continued. Standalone sequence 0009 was logged.",synthetic_judge_demo_100_v0_1
DEMO100-0010,2026-07-28,Echo Valley Works,Drilling,Near Miss,"At Echo Valley Works in the pipe rack laydown area, the inspector prepared drilling during the task execution stage. The equipment was pipe spool and temporary lifting frame. A suspended load fell and struck a worker. a rigger stood in the line of fire beside the load path. The expected exclusion zone, tag line, and hands-off positioning was not verified. No serious injury occurred, but severe harm was credible. Work stopped, the control was restored, and the event was recorded. Standalone sequence 0010 was logged.",synthetic_judge_demo_100_v0_1
DEMO100-0011,2026-07-28,Cedar Ridge Station,Valve Maintenance,Unsafe Condition,"At Cedar Ridge Station in the workshop aisle, during routine inspection, a worker used a small hand tool. Nearby was a closed pressure valve and disconnected line, not in use. The worker slipped on a dry step while walking beside the bench, lost balance, and rolled an ankle. The worker caught a finger on the tool case but did not fall. No one was exposed to serious harm and no credible fatal outcome was identified. The ordinary footing control was present and verified. The ankle and finger were checked after the slip. The fingertip was checked. The worker removed the step and continued. The task was paused for a control check. Standalone sequence 0011 was logged.",synthetic_judge_demo_100_v0_1
DEMO100-0012,2026-07-28,Frostline Depot,Inspection,Unsafe Condition,"At Frostline Depot in the workshop aisle, during routine inspection, a worker used a small hand tool. Nearby was a closed vessel and idle gas monitor, not in use. The worker slipped on a dry step while walking beside the bench, lost balance, and rolled an ankle. The worker caught a finger on the tool case but did not fall. No one was exposed to serious harm and no credible fatal outcome was identified. The ordinary footing control was present and verified. The ankle and finger were checked after the slip. The fingertip was checked. The worker removed the step and continued. Standalone sequence 0012 was logged.",synthetic_judge_demo_100_v0_1
DEMO100-0013,2026-07-28,Echo Valley Works,Driving,Unsafe Act,"At Echo Valley Works in the workshop aisle, during routine inspection, a worker used a small hand tool. Nearby was a parked vehicle and clear route, not in use. The worker slipped on a dry step while walking beside the bench, lost balance, and rolled an ankle. The worker caught a finger on the tool case but did not fall. No one was exposed to serious harm and no credible fatal outcome was identified. The ordinary footing control was present and verified. The ankle and finger were checked after the slip. The fingertip was checked. The worker removed the step and continued. Standalone sequence 0013 was logged.",synthetic_judge_demo_100_v0_1
DEMO100-0014,2026-07-29,Cedar Ridge Station,Hot Work,Near Miss,"At Cedar Ridge Station in the workshop aisle, during routine inspection, a worker used a small hand tool. Nearby was a cool hot-work torch and closed cylinder, not in use. The worker slipped on a dry step while walking beside the bench, lost balance, and rolled an ankle. The worker caught a finger on the tool case but did not fall. No one was exposed to serious harm and no credible fatal outcome was identified. The ordinary footing control was present and verified. The ankle and finger were checked after the slip. The fingertip was checked. The worker removed the step and continued. The area was checked before work continued. The task was paused for review. Standalone sequence 0014 was logged.",synthetic_judge_demo_100_v0_1
DEMO100-0015,2026-07-29,Echo Valley Works,Driving,Near Miss,"At Echo Valley Works in the workshop aisle, during routine inspection, a worker used a small hand tool. Nearby was a parked vehicle and clear route, not in use. The worker slipped on a dry step while walking beside the bench, lost balance, and rolled an ankle. The worker caught a finger on the tool case but did not fall. No one was exposed to serious harm and no credible fatal outcome was identified. The ordinary footing control was present and verified. The ankle and finger were checked after the slip. The fingertip was checked. The worker removed the step and continued. The barrier was reviewed before the task continued. Standalone sequence 0015 was logged.",synthetic_judge_demo_100_v0_1
DEMO100-0016,2026-07-29,Aurora Basin,Electrical Maintenance,Near Miss,"At Aurora Basin in the workshop aisle, during routine inspection, a worker used a small hand tool. Nearby was a secured guard and idle control panel, not in use. The worker slipped on a dry step while walking beside the bench, lost balance, and rolled an ankle. The worker caught a finger on the tool case but did not fall. No one was exposed to serious harm and no credible fatal outcome was identified. The ordinary footing control was present and verified. The ankle and finger were checked after the slip. The fingertip was checked. The worker removed the step and continued. The area was checked before work continued. The task was paused for review. Standalone sequence 0016 was logged.",synthetic_judge_demo_100_v0_1
DEMO100-0017,2026-07-29,Delta Point Facility,Inspection,Unsafe Act,"At Delta Point Facility in the workshop aisle, during routine inspection, a worker used a small hand tool. Nearby was a secured ladder and closed platform, not in use. The worker slipped on a dry step while walking beside the bench, lost balance, and rolled an ankle. The worker caught a finger on the tool case but did not fall. No one was exposed to serious harm and no credible fatal outcome was identified. The ordinary footing control was present and verified. The ankle and finger were checked after the slip. The fingertip was checked. The worker removed the step and continued. Standalone sequence 0017 was logged.",synthetic_judge_demo_100_v0_1
DEMO100-0018,2026-07-30,Frostline Depot,Mechanical Lifting,Near Miss,"At Frostline Depot in the workshop aisle, during routine inspection, a worker used a small hand tool. Nearby was a parked load and marked floor, not in use. The worker slipped on a dry step while walking beside the bench, lost balance, and rolled an ankle. The worker caught a finger on the tool case but did not fall. No one was exposed to serious harm and no credible fatal outcome was identified. The ordinary footing control was present and verified. The ankle and finger were checked after the slip. The fingertip was checked. The worker removed the step and continued. The barrier was reviewed before the task continued. Standalone sequence 0018 was logged.",synthetic_judge_demo_100_v0_1
DEMO100-0019,2026-07-30,Cedar Ridge Station,Pressure Testing,Unsafe Act,"At Cedar Ridge Station in the workshop aisle, during routine inspection, a worker used a small hand tool. Nearby was a closed pressure valve and disconnected line, not in use. The worker slipped on a dry step while walking beside the bench, lost balance, and rolled an ankle. The worker caught a finger on the tool case but did not fall. No one was exposed to serious harm and no credible fatal outcome was identified. The ordinary footing control was present and verified. The ankle and finger were checked after the slip. The fingertip was checked. The worker removed the step and continued. Standalone sequence 0019 was logged.",synthetic_judge_demo_100_v0_1
DEMO100-0020,2026-07-31,Aurora Basin,Electrical Maintenance,Unsafe Condition,"At Aurora Basin in the workshop aisle, during routine inspection, a worker used a small hand tool. Nearby was a closed pressure valve and disconnected line, not in use. The worker slipped on a dry step while walking beside the bench, lost balance, and rolled an ankle. The worker caught a finger on the tool case but did not fall. No one was exposed to serious harm and no credible fatal outcome was identified. The ordinary footing control was present and verified. The ankle and finger were checked after the slip. The fingertip was checked. The worker removed the step and continued. Standalone sequence 0020 was logged.",synthetic_judge_demo_100_v0_1
DEMO100-0021,2026-08-03,Echo Valley Works,Inspection,Unsafe Condition,"At Echo Valley Works in the workshop aisle, during routine inspection, a worker used a small hand tool. Nearby was a hand tool and parked vehicle, not in use. The worker slipped on a dry step while walking beside the bench, lost balance, and rolled an ankle. The worker caught a finger on the tool case but did not fall. No one was exposed to serious harm and no credible fatal outcome was identified. The ordinary footing control was present and verified. The ankle and finger were checked after the slip. The fingertip was checked. The worker removed the step and continued. Standalone sequence 0021 was logged.",synthetic_judge_demo_100_v0_1
DEMO100-0022,2026-08-04,Cedar Ridge Station,Mechanical Lifting,Incident,"At Cedar Ridge Station in the lifting pad, the inspector prepared mechanical lifting during the task execution stage. The equipment was crane, sling, and suspended load. The crane, hoist, and rigging failed while the load was lifted. A suspended load fell and struck a worker. the rigger was under or beside the suspended load. The expected lift plan, inspected rigging, and exclusion zone was not verified. A secondary check also covered this area, and the tag line was repositioned before the next lift before work stopped. No serious injury occurred, but severe harm was credible. Work stopped, the control was restored, and the event was recorded. Standalone sequence 0022 was logged. The crane, hoist, and rigging failed while the load was lifted. Standalone sequence 0022 was logged.",synthetic_judge_demo_100_v0_1
DEMO100-0023,2026-08-04,Delta Point Facility,Valve Maintenance,Incident,"At Delta Point Facility in the valve gallery, the technician prepared valve maintenance during the isolation check stage. The equipment was process valve and stored-pressure line. Stored pressure was not completely isolated. the technician stood in the pressure release path. The expected lockout, drain, and zero-energy verification was not verified. No serious injury occurred, but severe harm was credible. Work stopped, the control was restored, and the event was recorded. The task status, work boundary, equipment condition, and immediate response were entered in the synthetic shift log for a complete demonstration record. Standalone sequence 0023 was logged.",synthetic_judge_demo_100_v0_1
DEMO100-0024,2026-08-04,Frostline Depot,Driving,Unsafe Act,"At Frostline Depot in the workshop aisle, during routine inspection, a worker used a small hand tool. Nearby was a parked vehicle and clear route, not in use. The worker slipped on a dry step while walking beside the bench, lost balance, and rolled an ankle. The worker caught a finger on the tool case but did not fall. No one was exposed to serious harm and no credible fatal outcome was identified. The ordinary footing control was present and verified. The ankle and finger were checked after the slip. The fingertip was checked. The worker removed the step and continued. Standalone sequence 0024 was logged.",synthetic_judge_demo_100_v0_1
DEMO100-0025,2026-08-04,Frostline Depot,Inspection,Unsafe Condition,"At Frostline Depot in the workshop aisle, during routine inspection, a worker used a small hand tool. Nearby was a hand tool and parked vehicle, not in use. The worker slipped on a dry step while walking beside the bench, lost balance, and rolled an ankle. The worker caught a finger on the tool case but did not fall. No one was exposed to serious harm and no credible fatal outcome was identified. The ordinary footing control was present and verified. The ankle and finger were checked after the slip. The fingertip was checked. The worker removed the step and continued. Standalone sequence 0025 was logged.",synthetic_judge_demo_100_v0_1
DEMO100-0026,2026-08-06,Echo Valley Works,Mechanical Lifting,Incident,"At Echo Valley Works in the lifting pad, the driver prepared mechanical lifting during the pre-job setup stage. The equipment was crane, sling, and suspended load. The crane, hoist, and rigging failed while the load was lifted. A suspended load fell and struck a worker. the rigger was under or beside the suspended load. The expected lift plan, inspected rigging, and exclusion zone was not verified. No serious injury occurred, but severe harm was credible. Work stopped, the control was restored, and the event was recorded. Standalone sequence 0026 was logged. The crane, hoist, and rigging failed while the load was lifted. Standalone sequence 0026 was logged.",synthetic_judge_demo_100_v0_1
DEMO100-0027,2026-08-06,Echo Valley Works,Driving,Incident,"At Echo Valley Works in the internal access road, the driver prepared driving during the pre-job setup stage. The equipment was light vehicle and reversing camera. The driver was distracted and the vehicle veered toward a pedestrian. A vehicle crash was narrowly avoided. a pedestrian was within the vehicle line of travel. The expected seatbelt, spotter, speed limit, and journey plan was not verified. No serious injury occurred, but severe harm was credible. Work stopped, the control was restored, and the event was recorded. Standalone sequence 0027 was logged. The vehicle was speeding and the driver lost control. Standalone sequence 0027 was logged.",synthetic_judge_demo_100_v0_1
DEMO100-0028,2026-08-06,Frostline Depot,Valve Maintenance,Incident,"At Frostline Depot in the maintenance platform, the driver prepared valve maintenance during the post-task check stage. The equipment was access ladder, scaffold, and fall-protection lanyard. The worker was working at height without fall protection, harness, or lanyard. the worker was positioned at height above the lower deck. The expected guardrail, harness, lanyard, and tie-off point was not verified. No serious injury occurred, but severe harm was credible. Work stopped, the control was restored, and the event was recorded. Standalone sequence 0028 was logged.",synthetic_judge_demo_100_v0_1
DEMO100-0029,2026-08-06,Aurora Basin,Drilling,Near Miss,"At Aurora Basin in the workshop aisle, during routine inspection, a worker used a small hand tool. Nearby was a parked load and marked floor, not in use. The worker slipped on a dry step while walking beside the bench, lost balance, and rolled an ankle. The worker caught a finger on the tool case but did not fall. No one was exposed to serious harm and no credible fatal outcome was identified. The ordinary footing control was present and verified. The ankle and finger were checked after the slip. The fingertip was checked. The worker removed the step and continued. The barrier was reviewed before the task continued. Standalone sequence 0029 was logged.",synthetic_judge_demo_100_v0_1
DEMO100-0030,2026-08-07,Delta Point Facility,Valve Maintenance,Near Miss,"At Delta Point Facility in the workshop aisle, during routine inspection, a worker used a small hand tool. Nearby was a checked permit board and hand tool, not in use. The worker slipped on a dry step while walking beside the bench, lost balance, and rolled an ankle. The worker caught a finger on the tool case but did not fall. No one was exposed to serious harm and no credible fatal outcome was identified. The ordinary footing control was present and verified. The ankle and finger were checked after the slip. The fingertip was checked. The worker removed the step and continued. The area was checked before work continued. The task was paused for review. Standalone sequence 0030 was logged.",synthetic_judge_demo_100_v0_1
DEMO100-0031,2026-08-10,Blue Mesa Yard,Pressure Testing,Near Miss,"At Blue Mesa Yard in the workshop aisle, during routine inspection, a worker used a small hand tool. Nearby was a closed pressure valve and disconnected line, not in use. The worker slipped on a dry step while walking beside the bench, lost balance, and rolled an ankle. The worker caught a finger on the tool case but did not fall. No one was exposed to serious harm and no credible fatal outcome was identified. The ordinary footing control was present and verified. The ankle and finger were checked after the slip. The fingertip was checked. The worker removed the step and continued. The task was paused for a control check. Standalone sequence 0031 was logged.",synthetic_judge_demo_100_v0_1
DEMO100-0032,2026-08-10,Delta Point Facility,Inspection,Unsafe Condition,"At Delta Point Facility in the workshop aisle, during routine inspection, a worker used a small hand tool. Nearby was a hand tool and parked vehicle, not in use. The worker slipped on a dry step while walking beside the bench, lost balance, and rolled an ankle. The worker caught a finger on the tool case but did not fall. No one was exposed to serious harm and no credible fatal outcome was identified. The ordinary footing control was present and verified. The ankle and finger were checked after the slip. The fingertip was checked. The worker removed the step and continued. Standalone sequence 0032 was logged.",synthetic_judge_demo_100_v0_1
DEMO100-0033,2026-08-10,Echo Valley Works,Electrical Maintenance,Near Miss,"At Echo Valley Works in the workshop aisle, during routine inspection, a worker used a small hand tool. Nearby was a closed pressure valve and disconnected line, not in use. The worker slipped on a dry step while walking beside the bench, lost balance, and rolled an ankle. The worker caught a finger on the tool case but did not fall. No one was exposed to serious harm and no credible fatal outcome was identified. The ordinary footing control was present and verified. The ankle and finger were checked after the slip. The fingertip was checked. The worker removed the step and continued. Standalone sequence 0033 was logged.",synthetic_judge_demo_100_v0_1
DEMO100-0034,2026-08-10,Blue Mesa Yard,Mechanical Lifting,Unsafe Condition,"At Blue Mesa Yard in the workshop aisle, during routine inspection, a worker used a small hand tool. Nearby was a parked load and marked floor, not in use. The worker slipped on a dry step while walking beside the bench, lost balance, and rolled an ankle. The worker caught a finger on the tool case but did not fall. No one was exposed to serious harm and no credible fatal outcome was identified. The ordinary footing control was present and verified. The ankle and finger were checked after the slip. The fingertip was checked. The worker removed the step and continued. Standalone sequence 0034 was logged.",synthetic_judge_demo_100_v0_1
DEMO100-0035,2026-08-11,Frostline Depot,Valve Maintenance,Near Miss,"At Frostline Depot in the valve gallery, the driver prepared valve maintenance during the pre-job setup stage. The equipment was process valve and stored-pressure line. Stored pressure was not completely isolated. the technician stood in the pressure release path. The expected lockout, drain, and zero-energy verification was not verified. A secondary check also covered this area, and a pressure gauge was checked before the work boundary was reset before work stopped. No serious injury occurred, but severe harm was credible. Work stopped, the control was restored, and the event was recorded. Standalone sequence 0035 was logged.",synthetic_judge_demo_100_v0_1
DEMO100-0036,2026-08-11,Aurora Basin,Mechanical Lifting,Incident,"At Aurora Basin in the lifting pad, the inspector prepared mechanical lifting during the task execution stage. The equipment was crane, sling, and suspended load. The crane, hoist, and rigging failed while the load was lifted. A suspended load fell and struck a worker. the rigger was under or beside the suspended load. The expected lift plan, inspected rigging, and exclusion zone was not verified. A secondary check also covered this area, and the tag line was repositioned before the next lift before work stopped. No serious injury occurred, but severe harm was credible. Work stopped, the control was restored, and the event was recorded. Standalone sequence 0036 was logged.",synthetic_judge_demo_100_v0_1
DEMO100-0037,2026-08-12,Delta Point Facility,Mechanical Lifting,Near Miss,"At Delta Point Facility in the workshop aisle, during routine inspection, a worker used a small hand tool. Nearby was a parked load and inspected sling, not in use. The worker slipped on a dry step while walking beside the bench, lost balance, and rolled an ankle. The worker caught a finger on the tool case but did not fall. No one was exposed to serious harm and no credible fatal outcome was identified. The ordinary footing control was present and verified. The ankle and finger were checked after the slip. The fingertip was checked. The worker removed the step and continued. Standalone sequence 0037 was logged.",synthetic_judge_demo_100_v0_1
DEMO100-0038,2026-08-13,Aurora Basin,Inspection,Unsafe Condition,"At Aurora Basin in the workshop aisle, during routine inspection, a worker used a small hand tool. Nearby was a hand tool and parked vehicle, not in use. The worker slipped on a dry step while walking beside the bench, lost balance, and rolled an ankle. The worker caught a finger on the tool case but did not fall. No one was exposed to serious harm and no credible fatal outcome was identified. The ordinary footing control was present and verified. The ankle and finger were checked after the slip. The fingertip was checked. The worker removed the step and continued. The area was checked before work continued. The task was paused for review. Standalone sequence 0038 was logged.",synthetic_judge_demo_100_v0_1
DEMO100-0039,2026-08-13,Delta Point Facility,Pressure Testing,Unsafe Condition,"At Delta Point Facility in the workshop aisle, during routine inspection, a worker used a small hand tool. Nearby was a closed pressure valve and disconnected line, not in use. The worker slipped on a dry step while walking beside the bench, lost balance, and rolled an ankle. The worker caught a finger on the tool case but did not fall. No one was exposed to serious harm and no credible fatal outcome was identified. The ordinary footing control was present and verified. The ankle and finger were checked after the slip. The fingertip was checked. The worker removed the step and continued. Standalone sequence 0039 was logged.",synthetic_judge_demo_100_v0_1
DEMO100-0040,2026-08-13,Blue Mesa Yard,Drilling,Unsafe Condition,"At Blue Mesa Yard in the workshop aisle, during routine inspection, a worker used a small hand tool. Nearby was a parked load and marked floor, not in use. The worker slipped on a dry step while walking beside the bench, lost balance, and rolled an ankle. The worker caught a finger on the tool case but did not fall. No one was exposed to serious harm and no credible fatal outcome was identified. The ordinary footing control was present and verified. The ankle and finger were checked after the slip. The fingertip was checked. The worker removed the step and continued. Standalone sequence 0040 was logged.",synthetic_judge_demo_100_v0_1
DEMO100-0041,2026-08-14,Cedar Ridge Station,Mechanical Lifting,Near Miss,"At Cedar Ridge Station in the workshop aisle, during routine inspection, a worker used a small hand tool. Nearby was a parked load and marked floor, not in use. The worker slipped on a dry step while walking beside the bench, lost balance, and rolled an ankle. The worker caught a finger on the tool case but did not fall. No one was exposed to serious harm and no credible fatal outcome was identified. The ordinary footing control was present and verified. The ankle and finger were checked after the slip. The fingertip was checked. The worker removed the step and continued. The barrier was reviewed before the task continued. Standalone sequence 0041 was logged.",synthetic_judge_demo_100_v0_1
DEMO100-0042,2026-08-14,Blue Mesa Yard,Inspection,Unsafe Act,"At Blue Mesa Yard in the workshop aisle, during routine inspection, a worker used a small hand tool. Nearby was a closed vessel and idle gas monitor, not in use. The worker slipped on a dry step while walking beside the bench, lost balance, and rolled an ankle. The worker caught a finger on the tool case but did not fall. No one was exposed to serious harm and no credible fatal outcome was identified. The ordinary footing control was present and verified. The ankle and finger were checked after the slip. The fingertip was checked. The worker removed the step and continued. Standalone sequence 0042 was logged.",synthetic_judge_demo_100_v0_1
DEMO100-0043,2026-08-14,Frostline Depot,Electrical Maintenance,Unsafe Act,"At Frostline Depot in the workshop aisle, during routine inspection, a worker used a small hand tool. Nearby was a secured guard and idle control panel, not in use. The worker slipped on a dry step while walking beside the bench, lost balance, and rolled an ankle. The worker caught a finger on the tool case but did not fall. No one was exposed to serious harm and no credible fatal outcome was identified. The ordinary footing control was present and verified. The ankle and finger were checked after the slip. The fingertip was checked. The worker removed the step and continued. Standalone sequence 0043 was logged.",synthetic_judge_demo_100_v0_1
DEMO100-0044,2026-08-17,Cedar Ridge Station,Drilling,Near Miss,"At Cedar Ridge Station in the pipe rack laydown area, the driver prepared drilling during the post-task check stage. The equipment was pipe spool and temporary lifting frame. A suspended load fell and struck a worker. a rigger stood in the line of fire beside the load path. The expected exclusion zone, tag line, and hands-off positioning was not verified. A secondary check also covered this area, and a small hand tool was moved outside the marked boundary before work stopped. No serious injury occurred, but severe harm was credible. Work stopped, the control was restored, and the event was recorded. Standalone sequence 0044 was logged.",synthetic_judge_demo_100_v0_1
DEMO100-0045,2026-08-17,Frostline Depot,Drilling,Unsafe Condition,"At Frostline Depot in the workshop aisle, during routine inspection, a worker used a small hand tool. Nearby was a checked permit board and hand tool, not in use. The worker slipped on a dry step while walking beside the bench, lost balance, and rolled an ankle. The worker caught a finger on the tool case but did not fall. No one was exposed to serious harm and no credible fatal outcome was identified. The ordinary footing control was present and verified. The ankle and finger were checked after the slip. The fingertip was checked. The worker removed the step and continued. The area was checked before work continued. The task was paused for review. Standalone sequence 0045 was logged.",synthetic_judge_demo_100_v0_1
DEMO100-0046,2026-08-17,Delta Point Facility,Valve Maintenance,Unsafe Condition,"At Delta Point Facility in the workshop aisle, during routine inspection, a worker used a small hand tool. Nearby was a checked permit board and hand tool, not in use. The worker slipped on a dry step while walking beside the bench, lost balance, and rolled an ankle. The worker caught a finger on the tool case but did not fall. No one was exposed to serious harm and no credible fatal outcome was identified. The ordinary footing control was present and verified. The ankle and finger were checked after the slip. The fingertip was checked. The worker removed the step and continued. Standalone sequence 0046 was logged.",synthetic_judge_demo_100_v0_1
DEMO100-0047,2026-08-18,Cedar Ridge Station,Driving,Incident,"At Cedar Ridge Station in the internal access road, the inspector prepared driving during positioning. The equipment was light vehicle and reversing camera. The vehicle was speeding and the driver lost control. The driver was distracted and the vehicle veered toward a pedestrian. a pedestrian was within the vehicle line of travel. The expected seatbelt, spotter, speed limit, and journey plan was not verified. No serious injury occurred, but severe harm was credible. Work stopped, the control was restored, and the event was recorded. Standalone sequence 0047 was logged.",synthetic_judge_demo_100_v0_1
DEMO100-0048,2026-08-18,Echo Valley Works,Mechanical Lifting,Unsafe Condition,"At Echo Valley Works in the workshop aisle, during routine inspection, a worker used a small hand tool. Nearby was a parked load and inspected sling, not in use. The worker slipped on a dry step while walking beside the bench, lost balance, and rolled an ankle. The worker caught a finger on the tool case but did not fall. No one was exposed to serious harm and no credible fatal outcome was identified. The ordinary footing control was present and verified. The ankle and finger were checked after the slip. The fingertip was checked. The worker removed the step and continued. The task was paused for a control check. Standalone sequence 0048 was logged.",synthetic_judge_demo_100_v0_1
DEMO100-0049,2026-08-18,Echo Valley Works,Electrical Maintenance,Unsafe Condition,"At Echo Valley Works in the workshop aisle, during routine inspection, a worker used a small hand tool. Nearby was a secured guard and idle control panel, not in use. The worker slipped on a dry step while walking beside the bench, lost balance, and rolled an ankle. The worker caught a finger on the tool case but did not fall. No one was exposed to serious harm and no credible fatal outcome was identified. The ordinary footing control was present and verified. The ankle and finger were checked after the slip. The fingertip was checked. The worker removed the step and continued. Standalone sequence 0049 was logged.",synthetic_judge_demo_100_v0_1
DEMO100-0050,2026-08-19,Aurora Basin,Hot Work,Incident,"At Aurora Basin in the fabrication bay, the operator prepared hot work during the isolation check stage. The equipment was welding torch, gas cylinder, and nearby vapour source. Welding started near flammable gas before the ignition source was controlled. the welder was beside the potential fire and explosion path. The expected permit, gas test, fire watch, and ignition-source control was not verified. A secondary check also covered this area, and a portable grinder was isolated before the bay was cleared before work stopped. No serious injury occurred, but severe harm was credible. Work stopped, the control was restored, and the event was recorded. Standalone sequence 0050 was logged.",synthetic_judge_demo_100_v0_1
DEMO100-0051,2026-08-19,Echo Valley Works,Inspection,Unsafe Condition,"At Echo Valley Works in the workshop aisle, during routine inspection, a worker used a small hand tool. Nearby was a hand tool and parked vehicle, not in use. The worker slipped on a dry step while walking beside the bench, lost balance, and rolled an ankle. The worker caught a finger on the tool case but did not fall. No one was exposed to serious harm and no credible fatal outcome was identified. The ordinary footing control was present and verified. The ankle and finger were checked after the slip. The fingertip was checked. The worker removed the step and continued. The area was checked before work continued. The task was paused for review. Standalone sequence 0051 was logged.",synthetic_judge_demo_100_v0_1
DEMO100-0052,2026-08-19,Frostline Depot,Drilling,Unsafe Condition,"At Frostline Depot in the workshop aisle, during routine inspection, a worker used a small hand tool. Nearby was a checked permit board and hand tool, not in use. The worker slipped on a dry step while walking beside the bench, lost balance, and rolled an ankle. The worker caught a finger on the tool case but did not fall. No one was exposed to serious harm and no credible fatal outcome was identified. The ordinary footing control was present and verified. The ankle and finger were checked after the slip. The fingertip was checked. The worker removed the step and continued. Standalone sequence 0052 was logged.",synthetic_judge_demo_100_v0_1
DEMO100-0053,2026-08-19,Blue Mesa Yard,Mechanical Lifting,Unsafe Act,"At Blue Mesa Yard in the workshop aisle, during routine inspection, a worker used a small hand tool. Nearby was a parked load and marked floor, not in use. The worker slipped on a dry step while walking beside the bench, lost balance, and rolled an ankle. The worker caught a finger on the tool case but did not fall. No one was exposed to serious harm and no credible fatal outcome was identified. The ordinary footing control was present and verified. The ankle and finger were checked after the slip. The fingertip was checked. The worker removed the step and continued. Standalone sequence 0053 was logged.",synthetic_judge_demo_100_v0_1
DEMO100-0054,2026-08-20,Echo Valley Works,Mechanical Lifting,Near Miss,"At Echo Valley Works in the lifting pad, the driver prepared mechanical lifting during the post-task check stage. The equipment was crane, sling, and suspended load. The crane, hoist, and rigging failed while the load was lifted. A suspended load fell and struck a worker. the rigger was under or beside the suspended load. The expected lift plan, inspected rigging, and exclusion zone was not verified. A secondary check also covered this area, and the tag line was repositioned before the next lift before work stopped. No serious injury occurred, but severe harm was credible. Work stopped, the control was restored, and the event was recorded. Standalone sequence 0054 was logged. The crane, hoist, and rigging failed while the load was lifted. Standalone sequence 0054 was logged.",synthetic_judge_demo_100_v0_1
DEMO100-0055,2026-08-20,Delta Point Facility,Inspection,Unsafe Act,"At Delta Point Facility in the workshop aisle, during routine inspection, a worker used a small hand tool. Nearby was a secured ladder and closed platform, not in use. The worker slipped on a dry step while walking beside the bench, lost balance, and rolled an ankle. The worker caught a finger on the tool case but did not fall. No one was exposed to serious harm and no credible fatal outcome was identified. The ordinary footing control was present and verified. The ankle and finger were checked after the slip. The fingertip was checked. The worker removed the step and continued. Standalone sequence 0055 was logged.",synthetic_judge_demo_100_v0_1
DEMO100-0056,2026-08-21,Echo Valley Works,Valve Maintenance,Near Miss,"At Echo Valley Works in the workshop aisle, during routine inspection, a worker used a small hand tool. Nearby was a secured ladder and closed platform, not in use. The worker slipped on a dry step while walking beside the bench, lost balance, and rolled an ankle. The worker caught a finger on the tool case but did not fall. No one was exposed to serious harm and no credible fatal outcome was identified. The ordinary footing control was present and verified. The ankle and finger were checked after the slip. The fingertip was checked. The worker removed the step and continued. The area was checked before work continued. The task was paused for review. Standalone sequence 0056 was logged.",synthetic_judge_demo_100_v0_1
DEMO100-0057,2026-08-21,Echo Valley Works,Mechanical Lifting,Unsafe Condition,"At Echo Valley Works in the workshop aisle, during routine inspection, a worker used a small hand tool. Nearby was a parked load and inspected sling, not in use. The worker slipped on a dry step while walking beside the bench, lost balance, and rolled an ankle. The worker caught a finger on the tool case but did not fall. No one was exposed to serious harm and no credible fatal outcome was identified. The ordinary footing control was present and verified. The ankle and finger were checked after the slip. The fingertip was checked. The worker removed the step and continued. The task was paused for a control check. Standalone sequence 0057 was logged.",synthetic_judge_demo_100_v0_1
DEMO100-0058,2026-08-21,Delta Point Facility,Inspection,Unsafe Act,"At Delta Point Facility in the workshop aisle, during routine inspection, a worker used a small hand tool. Nearby was a closed vessel and idle gas monitor, not in use. The worker slipped on a dry step while walking beside the bench, lost balance, and rolled an ankle. The worker caught a finger on the tool case but did not fall. No one was exposed to serious harm and no credible fatal outcome was identified. The ordinary footing control was present and verified. The ankle and finger were checked after the slip. The fingertip was checked. The worker removed the step and continued. Standalone sequence 0058 was logged.",synthetic_judge_demo_100_v0_1
DEMO100-0059,2026-08-21,Echo Valley Works,Valve Maintenance,Unsafe Act,"At Echo Valley Works in the workshop aisle, during routine inspection, a worker used a small hand tool. Nearby was a checked permit board and hand tool, not in use. The worker slipped on a dry step while walking beside the bench, lost balance, and rolled an ankle. The worker caught a finger on the tool case but did not fall. No one was exposed to serious harm and no credible fatal outcome was identified. The ordinary footing control was present and verified. The ankle and finger were checked after the slip. The fingertip was checked. The worker removed the step and continued. Standalone sequence 0059 was logged.",synthetic_judge_demo_100_v0_1
DEMO100-0060,2026-08-21,Frostline Depot,Electrical Maintenance,Unsafe Act,"At Frostline Depot in the workshop aisle, during routine inspection, a worker used a small hand tool. Nearby was a closed pressure valve and disconnected line, not in use. The worker slipped on a dry step while walking beside the bench, lost balance, and rolled an ankle. The worker caught a finger on the tool case but did not fall. No one was exposed to serious harm and no credible fatal outcome was identified. The ordinary footing control was present and verified. The ankle and finger were checked after the slip. The fingertip was checked. The worker removed the step and continued. Standalone sequence 0060 was logged.",synthetic_judge_demo_100_v0_1
DEMO100-0061,2026-08-24,Cedar Ridge Station,Drilling,Unsafe Condition,"At Cedar Ridge Station in the workshop aisle, during routine inspection, a worker used a small hand tool. Nearby was a parked load and marked floor, not in use. The worker slipped on a dry step while walking beside the bench, lost balance, and rolled an ankle. The worker caught a finger on the tool case but did not fall. No one was exposed to serious harm and no credible fatal outcome was identified. The ordinary footing control was present and verified. The ankle and finger were checked after the slip. The fingertip was checked. The worker removed the step and continued. The barrier was reviewed before the task continued. Standalone sequence 0061 was logged.",synthetic_judge_demo_100_v0_1
DEMO100-0062,2026-08-24,Cedar Ridge Station,Drilling,Unsafe Condition,"At Cedar Ridge Station in the workshop aisle, during routine inspection, a worker used a small hand tool. Nearby was a checked permit board and hand tool, not in use. The worker slipped on a dry step while walking beside the bench, lost balance, and rolled an ankle. The worker caught a finger on the tool case but did not fall. No one was exposed to serious harm and no credible fatal outcome was identified. The ordinary footing control was present and verified. The ankle and finger were checked after the slip. The fingertip was checked. The worker removed the step and continued. Standalone sequence 0062 was logged.",synthetic_judge_demo_100_v0_1
DEMO100-0063,2026-08-25,Echo Valley Works,Valve Maintenance,Incident,"At Echo Valley Works in the valve gallery, the driver prepared valve maintenance during the post-task check stage. The equipment was process valve and stored-pressure line. Stored pressure was not completely isolated. the technician stood in the pressure release path. The expected lockout, drain, and zero-energy verification was not verified. No serious injury occurred, but severe harm was credible. Work stopped, the control was restored, and the event was recorded. Standalone sequence 0063 was logged.",synthetic_judge_demo_100_v0_1
DEMO100-0064,2026-08-25,Frostline Depot,Inspection,Near Miss,"At Frostline Depot in the workshop aisle, during routine inspection, a worker used a small hand tool. Nearby was a hand tool and parked vehicle, not in use. The worker slipped on a dry step while walking beside the bench, lost balance, and rolled an ankle. The worker caught a finger on the tool case but did not fall. No one was exposed to serious harm and no credible fatal outcome was identified. The ordinary footing control was present and verified. The ankle and finger were checked after the slip. The fingertip was checked. The worker removed the step and continued. The area was checked before work continued. The task was paused for review. Standalone sequence 0064 was logged.",synthetic_judge_demo_100_v0_1
DEMO100-0065,2026-08-25,Aurora Basin,Mechanical Lifting,Near Miss,"At Aurora Basin in the workshop aisle, during routine inspection, a worker used a small hand tool. Nearby was a parked load and inspected sling, not in use. The worker slipped on a dry step while walking beside the bench, lost balance, and rolled an ankle. The worker caught a finger on the tool case but did not fall. No one was exposed to serious harm and no credible fatal outcome was identified. The ordinary footing control was present and verified. The ankle and finger were checked after the slip. The fingertip was checked. The worker removed the step and continued. Standalone sequence 0065 was logged.",synthetic_judge_demo_100_v0_1
DEMO100-0066,2026-08-26,Echo Valley Works,Mechanical Lifting,Incident,"At Echo Valley Works in the lifting pad, the driver prepared mechanical lifting during the pre-job setup stage. The equipment was crane, sling, and suspended load. The crane, hoist, and rigging failed while the load was lifted. A suspended load fell and struck a worker. the rigger was under or beside the suspended load. The expected lift plan, inspected rigging, and exclusion zone was not verified. No serious injury occurred, but severe harm was credible. Work stopped, the control was restored, and the event was recorded. Standalone sequence 0066 was logged. The crane, hoist, and rigging failed while the load was lifted. Standalone sequence 0066 was logged.",synthetic_judge_demo_100_v0_1
DEMO100-0067,2026-08-26,Delta Point Facility,Inspection,Near Miss,"At Delta Point Facility in the workshop aisle, the rigger prepared inspection during the task execution stage. The equipment was hand tool, bench, and disconnected source. A routine task continued after a minor control deviation was observed. a worker walked close to the obstruction. The expected housekeeping, ordinary footing, and task check was not verified. A secondary check also covered this area, and a loose label was replaced on a stored tool before work stopped. No serious injury occurred, but severe harm was credible. Work stopped, the control was restored, and the event was recorded. Standalone sequence 0067 was logged.",synthetic_judge_demo_100_v0_1
DEMO100-0068,2026-08-26,Echo Valley Works,Inspection,Unsafe Condition,"At Echo Valley Works in the workshop aisle, during routine inspection, a worker used a small hand tool. Nearby was a secured ladder and closed platform, not in use. The worker slipped on a dry step while walking beside the bench, lost balance, and rolled an ankle. The worker caught a finger on the tool case but did not fall. No one was exposed to serious harm and no credible fatal outcome was identified. The ordinary footing control was present and verified. The ankle and finger were checked after the slip. The fingertip was checked. The worker removed the step and continued. The area was checked before work continued. The task was paused for review. Standalone sequence 0068 was logged.",synthetic_judge_demo_100_v0_1
DEMO100-0069,2026-08-26,Blue Mesa Yard,Pressure Testing,Unsafe Act,"At Blue Mesa Yard in the workshop aisle, during routine inspection, a worker used a small hand tool. Nearby was a closed pressure valve and disconnected line, not in use. The worker slipped on a dry step while walking beside the bench, lost balance, and rolled an ankle. The worker caught a finger on the tool case but did not fall. No one was exposed to serious harm and no credible fatal outcome was identified. The ordinary footing control was present and verified. The ankle and finger were checked after the slip. The fingertip was checked. The worker removed the step and continued. Standalone sequence 0069 was logged.",synthetic_judge_demo_100_v0_1
DEMO100-0070,2026-08-27,Cedar Ridge Station,Electrical Maintenance,Near Miss,"At Cedar Ridge Station in the valve gallery, the operator prepared electrical maintenance during the isolation check stage. The equipment was process valve and stored-pressure line. Stored pressure was not completely isolated. the technician stood in the pressure release path. The expected lockout, drain, and zero-energy verification was not verified. No serious injury occurred, but severe harm was credible. Work stopped, the control was restored, and the event was recorded. The task status, work boundary, equipment condition, and immediate response were entered in the synthetic shift log for a complete demonstration record. Standalone sequence 0070 was logged.",synthetic_judge_demo_100_v0_1
DEMO100-0071,2026-08-27,Blue Mesa Yard,Valve Maintenance,Near Miss,"At Blue Mesa Yard in the maintenance platform, the rigger prepared valve maintenance during the post-task check stage. The equipment was access ladder, scaffold, and fall-protection lanyard. The worker was working at height without fall protection, harness, or lanyard. the worker was positioned at height above the lower deck. The expected guardrail, harness, lanyard, and tie-off point was not verified. No serious injury occurred, but severe harm was credible. Work stopped, the control was restored, and the event was recorded. Standalone sequence 0071 was logged.",synthetic_judge_demo_100_v0_1
DEMO100-0072,2026-08-27,Blue Mesa Yard,Mechanical Lifting,Unsafe Act,"At Blue Mesa Yard in the workshop aisle, during routine inspection, a worker used a small hand tool. Nearby was a parked load and marked floor, not in use. The worker slipped on a dry step while walking beside the bench, lost balance, and rolled an ankle. The worker caught a finger on the tool case but did not fall. No one was exposed to serious harm and no credible fatal outcome was identified. The ordinary footing control was present and verified. The ankle and finger were checked after the slip. The fingertip was checked. The worker removed the step and continued. Standalone sequence 0072 was logged.",synthetic_judge_demo_100_v0_1
DEMO100-0073,2026-08-27,Blue Mesa Yard,Inspection,Near Miss,"At Blue Mesa Yard in the workshop aisle, during routine inspection, a worker used a small hand tool. Nearby was a hand tool and parked vehicle, not in use. The worker slipped on a dry step while walking beside the bench, lost balance, and rolled an ankle. The worker caught a finger on the tool case but did not fall. No one was exposed to serious harm and no credible fatal outcome was identified. The ordinary footing control was present and verified. The ankle and finger were checked after the slip. The fingertip was checked. The worker removed the step and continued. Standalone sequence 0073 was logged.",synthetic_judge_demo_100_v0_1
DEMO100-0074,2026-08-28,Echo Valley Works,Drilling,Incident,"At Echo Valley Works in the pipe rack laydown area, the supervisor prepared drilling during the pre-job setup stage. The equipment was pipe spool and temporary lifting frame. A suspended load fell and struck a worker. a rigger stood in the line of fire beside the load path. The expected exclusion zone, tag line, and hands-off positioning was not verified. No serious injury occurred, but severe harm was credible. Work stopped, the control was restored, and the event was recorded. Standalone sequence 0074 was logged.",synthetic_judge_demo_100_v0_1
DEMO100-0075,2026-08-31,Aurora Basin,Hot Work,Near Miss,"At Aurora Basin in the fabrication bay, the supervisor prepared hot work during the pre-job setup stage. The equipment was welding torch, gas cylinder, and nearby vapour source. Welding started near flammable gas before the ignition source was controlled. the welder was beside the potential fire and explosion path. The expected permit, gas test, fire watch, and ignition-source control was not verified. No serious injury occurred, but severe harm was credible. Work stopped, the control was restored, and the event was recorded. Standalone sequence 0075 was logged.",synthetic_judge_demo_100_v0_1
DEMO100-0076,2026-08-31,Frostline Depot,Driving,Unsafe Act,"At Frostline Depot in the workshop aisle, during routine inspection, a worker used a small hand tool. Nearby was a parked vehicle and clear route, not in use. The worker slipped on a dry step while walking beside the bench, lost balance, and rolled an ankle. The worker caught a finger on the tool case but did not fall. No one was exposed to serious harm and no credible fatal outcome was identified. The ordinary footing control was present and verified. The ankle and finger were checked after the slip. The fingertip was checked. The worker removed the step and continued. Standalone sequence 0076 was logged.",synthetic_judge_demo_100_v0_1
DEMO100-0077,2026-09-01,Echo Valley Works,Valve Maintenance,Incident,"At Echo Valley Works in the valve gallery, the operator prepared valve maintenance during the equipment positioning stage. The equipment was process valve and stored-pressure line. Stored pressure was not completely isolated. the technician stood in the pressure release path. The expected lockout, drain, and zero-energy verification was not verified. No serious injury occurred, but severe harm was credible. Work stopped, the control was restored, and the event was recorded. Standalone sequence 0077 was logged.",synthetic_judge_demo_100_v0_1
DEMO100-0078,2026-09-01,Aurora Basin,Mechanical Lifting,Incident,"At Aurora Basin in the pipe rack laydown area, the rigger prepared mechanical lifting during the task execution stage. The equipment was pipe spool and temporary lifting frame. A suspended load fell and struck a worker. a rigger stood in the line of fire beside the load path. The expected exclusion zone, tag line, and hands-off positioning was not verified. No serious injury occurred, but severe harm was credible. Work stopped, the control was restored, and the event was recorded. Standalone sequence 0078 was logged.",synthetic_judge_demo_100_v0_1
DEMO100-0079,2026-09-02,Aurora Basin,Hot Work,Incident,"At Aurora Basin in the fabrication bay, the operator prepared hot work during the equipment positioning stage. The equipment was welding torch, gas cylinder, and nearby vapour source. Welding started near flammable gas before the ignition source was controlled. the welder was beside the potential fire and explosion path. The expected permit, gas test, fire watch, and ignition-source control was not verified. No serious injury occurred, but severe harm was credible. Work stopped, the control was restored, and the event was recorded. Standalone sequence 0079 was logged.",synthetic_judge_demo_100_v0_1
DEMO100-0080,2026-09-02,Delta Point Facility,Hot Work,Near Miss,"At Delta Point Facility in the fabrication bay, the supervisor prepared hot work during the isolation check stage. The equipment was welding torch, gas cylinder, and nearby vapour source. Welding started near flammable gas before the ignition source was controlled. the welder was beside the potential fire and explosion path. The expected permit, gas test, fire watch, and ignition-source control was not verified. No serious injury occurred, but severe harm was credible. Work stopped, the control was restored, and the event was recorded. Standalone sequence 0080 was logged.",synthetic_judge_demo_100_v0_1
DEMO100-0081,2026-09-02,Blue Mesa Yard,Mechanical Lifting,Unsafe Condition,"At Blue Mesa Yard in the workshop aisle, during routine inspection, a worker used a small hand tool. Nearby was a parked load and inspected sling, not in use. The worker slipped on a dry step while walking beside the bench, lost balance, and rolled an ankle. The worker caught a finger on the tool case but did not fall. No one was exposed to serious harm and no credible fatal outcome was identified. The ordinary footing control was present and verified. The ankle and finger were checked after the slip. The fingertip was checked. The worker removed the step and continued. The task was paused for a control check. Standalone sequence 0081 was logged.",synthetic_judge_demo_100_v0_1
DEMO100-0082,2026-09-02,Echo Valley Works,Driving,Unsafe Condition,"At Echo Valley Works in the workshop aisle, during routine inspection, a worker used a small hand tool. Nearby was a parked vehicle and clear route, not in use. The worker slipped on a dry step while walking beside the bench, lost balance, and rolled an ankle. The worker caught a finger on the tool case but did not fall. No one was exposed to serious harm and no credible fatal outcome was identified. The ordinary footing control was present and verified. The ankle and finger were checked after the slip. The fingertip was checked. The worker removed the step and continued. The barrier was reviewed before the task continued. Standalone sequence 0082 was logged.",synthetic_judge_demo_100_v0_1
DEMO100-0083,2026-09-02,Aurora Basin,Electrical Maintenance,Near Miss,"At Aurora Basin in the workshop aisle, during routine inspection, a worker used a small hand tool. Nearby was a secured guard and idle control panel, not in use. The worker slipped on a dry step while walking beside the bench, lost balance, and rolled an ankle. The worker caught a finger on the tool case but did not fall. No one was exposed to serious harm and no credible fatal outcome was identified. The ordinary footing control was present and verified. The ankle and finger were checked after the slip. The fingertip was checked. The worker removed the step and continued. Standalone sequence 0083 was logged.",synthetic_judge_demo_100_v0_1
DEMO100-0084,2026-09-02,Blue Mesa Yard,Inspection,Near Miss,"At Blue Mesa Yard in the workshop aisle, during routine inspection, a worker used a small hand tool. Nearby was a closed vessel and idle gas monitor, not in use. The worker slipped on a dry step while walking beside the bench, lost balance, and rolled an ankle. The worker caught a finger on the tool case but did not fall. No one was exposed to serious harm and no credible fatal outcome was identified. The ordinary footing control was present and verified. The ankle and finger were checked after the slip. The fingertip was checked. The worker removed the step and continued. Standalone sequence 0084 was logged.",synthetic_judge_demo_100_v0_1
DEMO100-0085,2026-09-04,Blue Mesa Yard,Driving,Near Miss,"At Blue Mesa Yard in the internal access road, the driver prepared driving during the pre-job setup stage. The equipment was light vehicle and reversing camera. The driver was distracted and the vehicle veered toward a pedestrian. A vehicle crash was narrowly avoided. a pedestrian was within the vehicle line of travel. The expected seatbelt, spotter, speed limit, and journey plan was not verified. No serious injury occurred, but severe harm was credible. Work stopped, the control was restored, and the event was recorded. Standalone sequence 0085 was logged.",synthetic_judge_demo_100_v0_1
DEMO100-0086,2026-09-04,Delta Point Facility,Electrical Maintenance,Near Miss,"At Delta Point Facility in the workshop aisle, during routine inspection, a worker used a small hand tool. Nearby was a secured guard and idle control panel, not in use. The worker slipped on a dry step while walking beside the bench, lost balance, and rolled an ankle. The worker caught a finger on the tool case but did not fall. No one was exposed to serious harm and no credible fatal outcome was identified. The ordinary footing control was present and verified. The ankle and finger were checked after the slip. The fingertip was checked. The worker removed the step and continued. Standalone sequence 0086 was logged.",synthetic_judge_demo_100_v0_1
DEMO100-0087,2026-09-07,Aurora Basin,Valve Maintenance,Near Miss,"At Aurora Basin in the workshop aisle, during routine inspection, a worker used a small hand tool. Nearby was a checked permit board and hand tool, not in use. The worker slipped on a dry step while walking beside the bench, lost balance, and rolled an ankle. The worker caught a finger on the tool case but did not fall. No one was exposed to serious harm and no credible fatal outcome was identified. The ordinary footing control was present and verified. The ankle and finger were checked after the slip. The fingertip was checked. The worker removed the step and continued. The area was checked before work continued. The task was paused for review. Standalone sequence 0087 was logged.",synthetic_judge_demo_100_v0_1
DEMO100-0088,2026-09-07,Blue Mesa Yard,Driving,Unsafe Act,"At Blue Mesa Yard in the workshop aisle, during routine inspection, a worker used a small hand tool. Nearby was a parked vehicle and clear route, not in use. The worker slipped on a dry step while walking beside the bench, lost balance, and rolled an ankle. The worker caught a finger on the tool case but did not fall. No one was exposed to serious harm and no credible fatal outcome was identified. The ordinary footing control was present and verified. The ankle and finger were checked after the slip. The fingertip was checked. The worker removed the step and continued. Standalone sequence 0088 was logged.",synthetic_judge_demo_100_v0_1
DEMO100-0089,2026-09-08,Aurora Basin,Inspection,Near Miss,"At Aurora Basin in the maintenance platform, the driver prepared inspection during the pre-job setup stage. The equipment was access ladder, scaffold, and fall-protection lanyard. The worker was working at height without fall protection, harness, or lanyard. the worker was positioned at height above the lower deck. The expected guardrail, harness, lanyard, and tie-off point was not verified. A secondary check also covered this area, and a hand tool was lowered to the ground before access resumed before work stopped. No serious injury occurred, but severe harm was credible. Work stopped, the control was restored, and the event was recorded. Standalone sequence 0089 was logged.",synthetic_judge_demo_100_v0_1
DEMO100-0090,2026-09-08,Blue Mesa Yard,Inspection,Unsafe Condition,"At Blue Mesa Yard in the workshop aisle, during routine inspection, a worker used a small hand tool. Nearby was a closed vessel and idle gas monitor, not in use. The worker slipped on a dry step while walking beside the bench, lost balance, and rolled an ankle. The worker caught a finger on the tool case but did not fall. No one was exposed to serious harm and no credible fatal outcome was identified. The ordinary footing control was present and verified. The ankle and finger were checked after the slip. The fingertip was checked. The worker removed the step and continued. The area was checked before work continued. The task was paused for review. Standalone sequence 0090 was logged.",synthetic_judge_demo_100_v0_1
DEMO100-0091,2026-09-08,Aurora Basin,Inspection,Unsafe Condition,"At Aurora Basin in the workshop aisle, during routine inspection, a worker used a small hand tool. Nearby was a hand tool and parked vehicle, not in use. The worker slipped on a dry step while walking beside the bench, lost balance, and rolled an ankle. The worker caught a finger on the tool case but did not fall. No one was exposed to serious harm and no credible fatal outcome was identified. The ordinary footing control was present and verified. The ankle and finger were checked after the slip. The fingertip was checked. The worker removed the step and continued. Standalone sequence 0091 was logged.",synthetic_judge_demo_100_v0_1
DEMO100-0092,2026-09-09,Aurora Basin,Valve Maintenance,Incident,"At Aurora Basin in the maintenance platform, the driver prepared valve maintenance during the pre-job setup stage. The equipment was access ladder, scaffold, and fall-protection lanyard. The worker was working at height without fall protection, harness, or lanyard. the worker was positioned at height above the lower deck. The expected guardrail, harness, lanyard, and tie-off point was not verified. No serious injury occurred, but severe harm was credible. Work stopped, the control was restored, and the event was recorded. Standalone sequence 0092 was logged.",synthetic_judge_demo_100_v0_1
DEMO100-0093,2026-09-10,Aurora Basin,Mechanical Lifting,Near Miss,"At Aurora Basin in the lifting pad, the technician prepared mechanical lifting during the equipment positioning stage. The equipment was crane, sling, and suspended load. The crane, hoist, and rigging failed while the load was lifted. A suspended load fell and struck a worker. the rigger was under or beside the suspended load. The expected lift plan, inspected rigging, and exclusion zone was not verified. No serious injury occurred, but severe harm was credible. Work stopped, the control was restored, and the event was recorded. Standalone sequence 0093 was logged.",synthetic_judge_demo_100_v0_1
DEMO100-0094,2026-09-10,Blue Mesa Yard,Pressure Testing,Near Miss,"At Blue Mesa Yard in the workshop aisle, during routine inspection, a worker used a small hand tool. Nearby was a closed pressure valve and disconnected line, not in use. The worker slipped on a dry step while walking beside the bench, lost balance, and rolled an ankle. The worker caught a finger on the tool case but did not fall. No one was exposed to serious harm and no credible fatal outcome was identified. The ordinary footing control was present and verified. The ankle and finger were checked after the slip. The fingertip was checked. The worker removed the step and continued. Standalone sequence 0094 was logged.",synthetic_judge_demo_100_v0_1
DEMO100-0095,2026-09-10,Aurora Basin,Electrical Maintenance,Unsafe Act,"At Aurora Basin in the workshop aisle, during routine inspection, a worker used a small hand tool. Nearby was a closed pressure valve and disconnected line, not in use. The worker slipped on a dry step while walking beside the bench, lost balance, and rolled an ankle. The worker caught a finger on the tool case but did not fall. No one was exposed to serious harm and no credible fatal outcome was identified. The ordinary footing control was present and verified. The ankle and finger were checked after the slip. The fingertip was checked. The worker removed the step and continued. Standalone sequence 0095 was logged.",synthetic_judge_demo_100_v0_1
DEMO100-0096,2026-09-11,Echo Valley Works,Mechanical Lifting,Near Miss,"At Echo Valley Works in the lifting pad, the technician prepared mechanical lifting during the isolation check stage. The equipment was crane, sling, and suspended load. The crane, hoist, and rigging failed while the load was lifted. A suspended load fell and struck a worker. the rigger was under or beside the suspended load. The expected lift plan, inspected rigging, and exclusion zone was not verified. No serious injury occurred, but severe harm was credible. Work stopped, the control was restored, and the event was recorded. Standalone sequence 0096 was logged. The crane, hoist, and rigging failed while the load was lifted. Standalone sequence 0096 was logged.",synthetic_judge_demo_100_v0_1
DEMO100-0097,2026-09-11,Blue Mesa Yard,Inspection,Near Miss,"At Blue Mesa Yard in the workshop aisle, during routine inspection, a worker used a small hand tool. Nearby was a closed vessel and idle gas monitor, not in use. The worker slipped on a dry step while walking beside the bench, lost balance, and rolled an ankle. The worker caught a finger on the tool case but did not fall. No one was exposed to serious harm and no credible fatal outcome was identified. The ordinary footing control was present and verified. The ankle and finger were checked after the slip. The fingertip was checked. The worker removed the step and continued. The area was checked before work continued. The task was paused for review. Standalone sequence 0097 was logged.",synthetic_judge_demo_100_v0_1
DEMO100-0098,2026-09-11,Aurora Basin,Mechanical Lifting,Unsafe Condition,"At Aurora Basin in the workshop aisle, during routine inspection, a worker used a small hand tool. Nearby was a parked load and inspected sling, not in use. The worker slipped on a dry step while walking beside the bench, lost balance, and rolled an ankle. The worker caught a finger on the tool case but did not fall. No one was exposed to serious harm and no credible fatal outcome was identified. The ordinary footing control was present and verified. The ankle and finger were checked after the slip. The fingertip was checked. The worker removed the step and continued. Standalone sequence 0098 was logged.",synthetic_judge_demo_100_v0_1
DEMO100-0099,2026-09-11,Aurora Basin,Drilling,Unsafe Condition,"At Aurora Basin in the workshop aisle, during routine inspection, a worker used a small hand tool. Nearby was a checked permit board and hand tool, not in use. The worker slipped on a dry step while walking beside the bench, lost balance, and rolled an ankle. The worker caught a finger on the tool case but did not fall. No one was exposed to serious harm and no credible fatal outcome was identified. The ordinary footing control was present and verified. The ankle and finger were checked after the slip. The fingertip was checked. The worker removed the step and continued. Standalone sequence 0099 was logged.",synthetic_judge_demo_100_v0_1
DEMO100-0100,2026-09-11,Delta Point Facility,Electrical Maintenance,Unsafe Condition,"At Delta Point Facility in the workshop aisle, during routine inspection, a worker used a small hand tool. Nearby was a secured guard and idle control panel, not in use. The worker slipped on a dry step while walking beside the bench, lost balance, and rolled an ankle. The worker caught a finger on the tool case but did not fall. No one was exposed to serious harm and no credible fatal outcome was identified. The ordinary footing control was present and verified. The ankle and finger were checked after the slip. The fingertip was checked. The worker removed the step and continued. Standalone sequence 0100 was logged.",synthetic_judge_demo_100_v0_1
